t,z_m,v_m,eds
0.0,0.025,0.0,0
0.01001001001001001,-0.467970011180783,-98.49484616172649,0
0.02002002002002002,-1.946854511213141,-196.9853888668082,0
0.03003003003003003,-4.411601734800271,-295.4700164099094,0
0.04004004004004004,-7.862145010372439,-393.94723223724486,0
0.050050050050050046,-12.298403180064538,-492.41558252364155,0
0.06006006006006006,-17.720280599716105,-590.873656172539,0
0.07007007007007007,-24.127667179556305,-689.3200846627909,0
0.08008008008008008,-31.520440068338754,-787.7535106778981,0
0.09009009009009009,-39.89846135003279,-886.1725581324132,0
0.10010010010010009,-49.26157976848127,-984.5758995995227,0
0.11011011011011011,-59.60963209978803,-1082.9622656687193,0
0.12012012012012012,-70.94244315231792,-1181.3304449458005,0
0.13013013013013014,-83.25982576669686,-1279.6792840528708,0
0.14014014014014015,-96.56158081581171,-1378.00768762834,0
0.15015015015015015,-110.84749725263923,-1476.3146186251092,0
0.16016016016016016,-126.11735562561103,-1574.5991241834179,0
0.17017017017017017,-142.37092646365434,-1672.8603322357908,0
0.18018018018018017,-159.60797193296173,-1771.0974496554727,0
0.19019019019019018,-177.8282479890542,-1869.3097731111843,0
0.20020020020020018,-197.03150437678104,-1967.496689067124,0
0.21021021021021022,-217.21748463032026,-2065.6576737829673,0
0.22022022022022023,-238.38592607317787,-2163.792293313865,0
0.23023023023023023,-260.53656215509415,-2261.90020722202,0
0.24024024024024024,-283.6691246424243,-2359.9811765716818,0
0.2502502502502503,-307.78334198556354,-2458.0350581942344,0
0.2602602602602603,-332.8789432300057,-2556.0618066985985,0
0.2702702702702703,-358.9556580763548,-2654.061474534687,0
0.2802802802802803,-386.0132168803249,-2752.034211993405,0
0.2902902902902903,-414.0513506527402,-2849.980267206649,0
0.3003003003003003,-443.06979265246554,-2947.899983851408,0
0.3103103103103103,-473.06828204972334,-3045.793801307631,0
0.3203203203203203,-504.04656108700044,-3143.6622574153316,0
0.3303303303303303,-536.0043791923379,-3241.5059762478386,0
0.34034034034034033,-568.9414932212335,-3339.3256675914595,0
0.35035035035035034,-602.857667456642,-3437.1221269454772,0
0.36036036036036034,-637.7526736089748,-3534.8962355221506,0
0.37037037037037035,-673.6262911560366,-3632.6489583482144,0
0.38038038038038036,-710.478311712576,-3730.3813264362657,0
0.39039039039039036,-748.3085364683413,-3828.09445737958,0
0.40040040040040037,-787.1167784576056,-3925.7895302919933,0
0.41041041041041043,-826.9028635701858,-4023.467778659601,0
0.42042042042042044,-867.6666305514418,-4121.130490340754,0
0.43043043043043044,-909.4079310022784,-4218.779007566062,0
0.44044044044044045,-952.1266293791431,-4316.414726938396,0
0.45045045045045046,-995.8226035206153,-4414.039091109565,0
0.46046046046046046,-1040.4957476323918,-4511.653562592456,0
0.47047047047047047,-1086.1459702812404,-4609.259659995394,0
0.4804804804804805,-1132.7731952834215,-4706.85891449366,0
0.4904904904904905,-1180.3773619270878,-4804.452864636927,0
0.5005005005005005,-1228.9584249722843,-4902.043056349255,0
0.5105105105105106,-1278.5163546509486,-4999.6310429290925,0
0.5205205205205206,-1329.0511366669102,-5097.218385049283,0
0.5305305305305306,-1380.5627721934484,-5194.80665065696,0
0.5405405405405406,-1433.051277540183,-5292.397378884429,0
0.5505505505505506,-1486.51668584632,-5389.992095290834,0
0.5605605605605606,-1540.9590453843555,-5487.592310505248,0
0.5705705705705706,-1596.3784184103167,-5585.199491705667,0
0.5805805805805806,-1652.7748811637607,-5682.815062619012,0
0.5905905905905906,-1710.148523867774,-5780.440403521129,0
0.6006006006006006,-1768.4994507289737,-5878.076851236787,0
0.6106106106106106,-1827.8277799375069,-5975.725699139681,0
0.6206206206206206,-1888.1336427205174,-6073.388189656158,0
0.6306306306306306,-1949.4171802840463,-6171.065480896794,0
0.6406406406406406,-2011.6785484802215,-6268.758682257094,0
0.6506506506506506,-2074.917912357274,-6366.468825355803,0
0.6606606606606606,-2139.13544546032,-6464.196859340504,0
0.6706706706706707,-2204.3313298313583,-6561.943650887616,0
0.6806806806806807,-2270.5057560092732,-6659.709984202403,0
0.6906906906906907,-2337.6589230298327,-6757.496561018963,0
0.7007007007007007,-2405.791038425689,-6855.304000600236,0
0.7107107107107107,-2474.9023150389135,-6953.132831626421,0
0.7207207207207207,-2544.992967986366,-7050.983478063918,0
0.7307307307307307,-2616.0632189845155,-7148.856274183367,0
0.7407407407407407,-2688.11329075311,-7246.751456647479,0
0.7507507507507507,-2761.1434068861945,-7344.669164250727,0
0.7607607607607607,-2835.1537918521153,-7442.609437919338,0
0.7707707707707707,-2910.144670993517,-7540.572220711303,0
0.7807807807807807,-2986.1162705273464,-7638.557357816369,0
0.7907907907907907,-3063.068813933082,-7736.564598907491,0
0.8008008008008007,-3141.0025201961234,-7834.593593073002,0
0.8108108108108109,-3219.9176058575586,-7932.643892981644,0
0.8208208208208209,-3299.814281072237,-8030.714962292574,0
0.8308308308308309,-3380.692749595798,-8128.806175671172,0
0.8408408408408409,-3462.553208784666,-8226.916818789043,0
0.8508508508508509,-3545.39584959605,-8325.046088324007,0
0.8608608608608609,-3629.2208556977193,-8423.193095679535,0
0.8708708708708709,-3714.028399131554,-8521.35687909212,0
0.8808808808808809,-3799.818643291291,-8619.536391115234,0
0.8908908908908909,-3886.591740012422,-8717.73052016299,0
0.9009009009009009,-3974.347829127967,-8815.938092878103,0
0.9109109109109109,-4063.087038468475,-8914.157874131899,0
0.9209209209209209,-4152.809483862023,-9012.388567024303,0
0.9309309309309309,-4243.515268870756,-9110.62881582684,0
0.9409409409409409,-4335.204481929775,-9208.87722890537,0
0.950950950950951,-4427.87719764147,-9307.132359132253,0
0.960960960960961,-4521.533475897445,-9405.392730920066,0
0.970970970970971,-4616.173361462371,-9503.656846541351,0
0.980980980980981,-4711.796883973988,-9601.923186128608,0
0.990990990990991,-4808.404057943106,-9700.190207674292,0
1.001001001001001,-4905.994882754544,-9798.456347484116,0
1.011011011011011,-5004.56934221422,-9896.720049250314,0
1.021021021021021,-5104.127403441046,-9994.979743910504,0
1.031031031031031,-5204.6690181597005,-10093.233867693983,0
1.0410410410410411,-5306.194123032466,-10191.480881758143,0
1.0510510510510511,-5408.702639659235,-10289.71927218846,0
1.0610610610610611,-5512.194474577503,-10387.947549998511,0
1.0710710710710711,-5616.669519262372,-10486.164251129956,0
1.0810810810810811,-5722.127650126555,-10584.36793645257,0
1.0910910910910911,-5828.568730006585,-10682.557215675439,0
1.1011011011011012,-5935.99260764923,-10780.730751574487,0
1.1111111111111112,-6044.399118359879,-10878.887252997538,0
1.1211211211211212,-6153.788085865489,-10977.025494894251,0
1.1311311311311312,-6264.159322314577,-11075.144318316134,0
1.1411411411411412,-6375.512628277231,-11173.242630416526,0
1.1511511511511512,-6487.847792745097,-11271.319404450614,0
1.1611611611611612,-6601.164594630349,-11369.373687168687,0
1.1711711711711712,-6715.46280469638,-11467.404612845861,0
1.1811811811811812,-6830.742184008813,-11565.41139304196,0
1.1911911911911912,-6947.002487667481,-11663.393329961871,0
1.2012012012012012,-7064.243464927597,-11761.34981696943,0
1.2112112112112112,-7182.464859199756,-11859.28033858743,0
1.2212212212212212,-7301.6664080499295,-11957.18447049762,0
1.2312312312312312,-7421.847844151491,-12055.061880690306,0
1.2412412412412412,-7543.008899532817,-12152.912338113842,0
1.2512512512512513,-7665.14930245636,-12250.735709324945,0
1.2612612612612613,-7788.268781656939,-12348.531958263662,0
1.2712712712712713,-7912.367066908516,-12446.301146631085,0
1.2812812812812813,-8037.443889024191,-12544.043433889336,0
1.2912912912912913,-8163.498979856203,-12641.759077261579,0
1.3013013013013013,-8290.532072803633,-12739.448430808563,0
1.3113113113113113,-8418.542907565805,-12837.111940947432,0
1.3213213213213213,-8547.531227117115,-12934.750154956777,0
1.3313313313313313,-8677.496781193464,-13032.363707196298,0
1.3413413413413413,-8808.439327305377,-13129.953316507499,0
1.3513513513513513,-8940.358630738014,-13227.519786213674,0
1.3613613613613613,-9073.254464551153,-13325.064004119904,0
1.3713713713713713,-9207.126609583222,-13422.58694248755,0
1.3813813813813813,-9341.974857675543,-13520.089641790632,0
1.3913913913913913,-9477.799011902238,-13617.573221334347,0
1.4014014014014013,-9614.59888617744,-13715.038870413364,0
1.4114114114114114,-9752.374307503194,-13812.487830453072,0
1.4214214214214214,-9891.125115969446,-13909.92139500959,0
1.4314314314314314,-10030.851164754053,-14007.34090976976,0
1.4414414414414414,-10171.552320122782,-14104.74777255115,0
1.4514514514514514,-10313.228461493702,-14202.143432034487,0
1.4614614614614614,-10455.879483980973,-14299.529353820559,0
1.4714714714714714,-10599.505298040805,-14396.907053668436,0
1.4814814814814814,-10744.105829033291,-14494.278070246699,0
1.4914914914914914,-10889.681017821229,-14591.643946692242,0
1.5015015015015014,-11036.230820770117,-14689.006230610274,0
1.5115115115115114,-11183.755209748158,-14786.366474074319,0
1.5215215215215214,-11332.254172126255,-14883.72623362621,0
1.5315315315315314,-11481.72771077802,-14981.087070276099,0
1.5415415415415414,-11632.175843823692,-15078.450535905828,0
1.5515515515515514,-11783.598605169609,-15175.818141063648,0
1.5615615615615615,-11935.996044978088,-15273.19139598274,0
1.5715715715715715,-12089.36822731801,-15370.57176839288,0
1.5815815815815815,-12243.715230045635,-15467.960680096023,0
1.5915915915915915,-12399.037144804608,-15565.35950696629,0
1.6016016016016015,-12555.334077025951,-15662.76957894997,0
1.6116116116116117,-12712.606145928075,-15760.192180065527,0
1.6216216216216217,-12870.853484328942,-15857.628547070613,0
1.6316316316316317,-13030.076234636137,-15955.079835340262,0
1.6416416416416417,-13190.274553257672,-16052.547142410851,0
1.6516516516516517,-13351.448606898948,-16150.031494918936,0
1.6616616616616617,-13513.598570443235,-16247.533835766746,0
1.6716716716716717,-13676.724626951664,-16345.05502412218,0
1.6816816816816818,-13840.826967663234,-16442.59583541881,0
1.6916916916916918,-14005.905791994803,-16540.156961355875,0
1.7017017017017018,-14171.9613075411,-16637.739009898294,0
1.7117117117117118,-14338.993728665662,-16735.342502108822,0
1.7217217217217218,-14507.003270512203,-16832.96785360396,0
1.7317317317317318,-14675.990155147092,-16930.615388030477,0
1.7417417417417418,-14845.954605993104,-17028.285332489686,0
1.7517517517517518,-15016.896847004415,-17125.977816134524,0
1.7617617617617618,-15188.817102666611,-17223.692870169565,0
1.7717717717717718,-15361.715597996686,-17321.430427850995,0
1.7817817817817818,-15535.592558543038,-17419.190324486633,0
1.7917917917917918,-15710.44820847096,-17516.972299150537,0
1.8018018018018018,-15886.282765934508,-17614.77599343435,0
1.8118118118118118,-16063.096447252772,-17712.600949556596,0
1.8218218218218218,-16240.889462354942,-17810.446621149775,0
1.8318318318318318,-16419.662014480058,-17908.312373716053,0
1.8418418418418419,-16599.41430017703,-18006.19748462727,0
1.8518518518518519,-16780.14650930462,-18104.101143124954,0
1.8618618618618619,-16961.85882471593,-18202.02245176775,0
1.8718718718718719,-17144.551417837356,-18299.96044177475,0
1.8818818818818819,-17328.22445086092,-18397.91405893125,0
1.8918918918918919,-17512.87807476531,-18495.882183028036,0
1.901901901901902,-17698.512428330872,-18593.863633619778,0
1.911911911911912,-17885.12763813959,-18691.857170025007,0
1.921921921921922,-18072.723818575098,-18789.86149132612,0
1.931931931931932,-18261.301071767713,-18887.87523705678,0
1.941941941941942,-18450.85948516466,-18985.897010168996,0
1.951951951951952,-18641.399131787697,-19083.92536201889,0
1.961961961961962,-18832.920070186476,-19181.958811260287,0
1.971971971971972,-19025.42234371277,-19279.995856367375,0
1.981981981981982,-19218.905980520463,-19378.034975634728,0
1.991991991991992,-19413.370993565575,-19476.07462717729,0
2.002002002002002,-19608.817380606244,-19574.113248930385,0
2.012012012012012,-19805.245124064724,-19672.149278240755,0
2.022022022022022,-20002.654189731962,-19770.181154458212,0
2.032032032032032,-20201.044527662587,-19868.207311107028,0
2.042042042042042,-20400.416072938715,-19966.22620857345,0
2.052052052052052,-20600.76874567202,-20064.236334323174,0
2.062062062062062,-20802.102451003728,-20162.236202901342,0
2.0720720720720722,-21004.417079104627,-20260.224355932547,0
2.0820820820820822,-21207.71250517506,-20358.199362120835,0
2.0920920920920922,-21411.988590381246,-20456.159829651326,0
2.1021021021021022,-21617.245182847,-20554.10443191476,0
2.1121121121121122,-21823.482115924493,-20652.031879074926,0
2.1221221221221223,-22030.6992117385,-20749.94094892211,0
2.1321321321321323,-22238.896281360998,-20847.830488761116,0
2.1421421421421423,-22448.073124811162,-20945.699415411273,0
2.1521521521521523,-22658.229531055378,-21043.546715206423,0
2.1621621621621623,-22869.36527800723,-21141.371443994936,0
2.1721721721721723,-23081.480134153033,-21239.172734347132,0
2.1821821821821823,-23294.57386170186,-21336.949814097068,0
2.1921921921921923,-23508.646213618038,-21434.701990826507,0
2.2022022022022023,-23723.6969378548,-21532.42866479256,0
2.2122122122122123,-23939.72577757835,-21630.129329779564,0
2.2222222222222223,-24156.732471167885,-21727.8035730991,0
2.2322322322322323,-24374.71675221555,-21825.45107558997,0
2.2422422422422423,-24593.678350335904,-21923.0716121964,0
2.2522522522522523,-24813.616995662283,-22020.66505866344,0
2.2622622622622623,-25034.532415648715,-22118.231390237284,0
2.2722722722722724,-25256.424339212408,-22215.770679018293,0
2.2822822822822824,-25479.292497434784,-22313.283094073548,0
2.2922922922922924,-25703.136623561477,-22410.768901436833,0
2.3023023023023024,-25927.956453002338,-22508.22846410865,0
2.3123123123123124,-26153.751723683028,-22605.662241217542,0
2.3223223223223224,-26380.522180768283,-22703.070780900278,0
2.3323323323323324,-26608.267573931586,-22800.454730967547,0
2.3423423423423424,-26836.987660369206,-22897.814823706834,0
2.3523523523523524,-27066.68220604003,-22995.15187191412,0
2.3623623623623624,-27297.350985665573,-23092.466768893897,0
2.3723723723723724,-27528.99378272998,-23189.760488459175,0
2.3823823823823824,-27761.610389480014,-23287.03408493146,0
2.3923923923923924,-27995.20060927742,-23384.28867894021,0
2.4024024024024024,-28229.764258309733,-23481.525459500477,0
2.4124124124124124,-28465.301163857705,-23578.74568612458,0
2.4224224224224224,-28701.811166899868,-23675.950663774624,0
2.4324324324324325,-28939.29412212836,-23773.14174274099,0
2.4424424424424425,-29177.749897948943,-23870.32031864238,0
2.4524524524524525,-29417.178376480977,-23967.487832425777,0
2.4624624624624625,-29657.57945355745,-24064.645770366467,0
2.4724724724724725,-29898.95304019805,-24161.795635720147,0
2.4824824824824825,-30141.29906390719,-24258.938961309686,0
2.4924924924924925,-30384.6174671509,-24356.077309208835,0
2.5025025025025025,-30628.908207910798,-24453.21223744396,0
2.5125125125125125,-30874.171259684095,-24550.34529999381,0
2.5225225225225225,-31120.406611483606,-24647.478046789507,0
2.5325325325325325,-31367.614267837747,-24744.61202371456,0
2.5425425425425425,-31615.794248790524,-24841.748772604857,0
2.5525525525525525,-31864.946589785715,-24938.889828204097,0
2.5625625625625625,-32115.07134075392,-25036.036673695227,0
2.5725725725725725,-32366.168568255624,-25133.19077914299,0
2.5825825825825826,-32618.238352701046,-25230.353575053632,0
2.5925925925925926,-32871.28078758903,-25327.52643840915,0
2.6026026026026026,-33125.29597950702,-25424.710692667308,0
2.6126126126126126,-33380.2840481311,-25521.907607761645,0
2.6226226226226226,-33636.24512622597,-25619.118400101455,0
2.6326326326326326,-33893.17935964496,-25716.344232571802,0
2.6426426426426426,-34151.08690442113,-25813.58619540748,0
2.6526526526526526,-34409.96792704159,-25910.845297652744,0
2.6626626626626626,-34669.82260568001,-26008.122483137566,0
2.6726726726726726,-34930.65112556317,-26105.418608075306,0
2.6826826826826826,-35192.453678948965,-26202.734440938715,0
2.6926926926926926,-35455.2304651264,-26300.070662459915,0
2.7027027027027026,-35718.981690415625,-26397.4278656304,0
2.7127127127127126,-35983.707568167876,-26494.806555701045,0
2.7227227227227226,-36249.408318125235,-26592.2071491628,0
2.7327327327327327,-36516.084159796614,-26689.62995914837,0
2.7427427427427427,-36783.73531790216,-26787.07520132704,0
2.7527527527527527,-37052.36201808598,-26884.542995174797,0
2.7627627627627627,-37321.96448532516,-26982.033362312042,0
2.7727727727727727,-37592.542943929766,-27079.546226503568,0
2.7827827827827827,-37864.097617542895,-27177.08141365857,0
2.7927927927927927,-38136.62872914062,-27274.638651830646,0
2.8028028028028027,-38410.13649958012,-27372.217573258455,0
2.8128128128128127,-38684.62114257428,-27469.81771622669,0
2.8228228228228227,-38960.08286885736,-27567.438519981137,0
2.8328328328328327,-39236.521881920526,-27665.079338031774,0
2.8428428428428427,-39513.93837756762,-27762.739439079676,0
2.8528528528528527,-39792.332543915145,-27860.41800701703,0
2.8628628628628627,-40071.70456139228,-27958.11414092713,0
2.8728728728728727,-40352.054602485376,-28055.826856446718,0
2.8828828828828827,-40633.38282760336,-28153.55510270118,0
2.8928928928928928,-40915.68938693892,-28251.297747683257,0
2.9029029029029028,-41198.974418812264,-28349.05359812153,0
2.9129129129129128,-41483.23804869488,-28446.821406104293,0
2.9229229229229228,-41768.48038920955,-28544.599869079542,0
2.932932932932933,-42054.701540130336,-28642.387629854973,0
2.942942942942943,-42341.90158834357,-28740.183277195127,0
2.952952952952953,-42630.08060573384,-28837.985369604114,0
2.962962962962963,-42919.23864921336,-28935.792420261245,0
2.972972972972973,-43209.375760915,-29033.602915469117,0
2.982982982982983,-43500.49196757387,-29131.41532837047,0
2.992992992992993,-43792.58728052739,-29229.228118948216,0
3.003003003003003,-44085.66169571524,-29327.039734025428,0
3.013013013013013,-44379.71519367938,-29424.848607265332,0
3.023023023023023,-44674.74773967581,-29522.653175441785,0
3.033033033033033,-44970.75928254914,-29620.45188957427,0
3.043043043043043,-45267.74975514802,-29718.24319705275,0
3.053053053053053,-45565.71907571015,-29816.025578849916,0
3.063063063063063,-45864.667147882465,-29913.797550401865,0
3.073073073073073,-46164.59386072121,-30011.557661608105,0
3.083083083083083,-46465.49908869191,-30109.304496831555,0
3.093093093093093,-46767.38269166937,-30207.03667489853,0
3.103103103103103,-47070.24451542806,-30304.752854303544,0
3.113113113113113,-47374.084394174286,-30402.451767981293,0
3.123123123123123,-47678.90214762521,-30500.13219380695,0
3.133133133133133,-47984.697584672846,-30597.79297855826,0
3.143143143143143,-48291.470504033285,-30695.433043668545,0
3.153153153153153,-48599.22069424666,-30793.051385226685,0
3.163163163163163,-48907.94793367715,-30890.64707397713,0
3.173173173173173,-49217.651990513,-30988.219255319887,0
3.183183183183183,-49528.33262425588,-31085.767154833648,0
3.193193193193193,-49839.98958914708,-31183.290095162658,0
3.203203203203203,-50152.622631139915,-31280.787483120654,0
3.2132132132132134,-50466.23149217146,-31378.258820015973,0
3.2232232232232234,-50780.815910437406,-31475.703702509578,0
3.2332332332332334,-51096.37562039212,-31573.121822615085,0
3.2432432432432434,-51412.910352748586,-31670.512967698738,0
3.2532532532532534,-51730.419835315384,-31767.877020705393,0
3.2632632632632634,-52048.90379750106,-31865.21396502014,0
3.2732732732732734,-52368.36196711804,-31962.523884597296,0
3.2832832832832834,-52688.79407452899,-32059.806959324582,0
3.2932932932932935,-53010.19985332485,-32157.063464818275,0
3.3033033033033035,-53332.57904032484,-32254.293772423218,0
3.3133133133133135,-53655.93137557647,-32351.49834921282,0
3.3233233233233235,-53980.256602669266,-32448.677757071724,0
3.3333333333333335,-54305.554473406555,-32545.832643418747,0
3.3433433433433435,-54631.824745187754,-32642.963753592474,0
3.3533533533533535,-54959.067183795916,-32740.071914089727,0
3.3633633633633635,-55287.281564678386,-32837.15802767444,0
3.3733733733733735,-55616.46767294679,-32934.223073377674,0
3.3833833833833835,-55946.62530337708,-33031.26810649759,0
3.3933933933933935,-56277.75426040948,-33128.29425859948,0
3.4034034034034035,-56609.854359997415,-33225.30272436212,0
3.4134134134134135,-56942.92543199307,-33322.2947579142,0
3.4234234234234235,-57276.967317866554,-33419.27168234008,0
3.4334334334334335,-57611.979873267584,-33516.23485971137,0
3.4434434434434436,-57947.96296807976,-33613.1856905918,0
3.4534534534534536,-58284.91648642055,-33710.12561403721,0
3.4634634634634636,-58622.840326641315,-33807.05610759555,0
3.4734734734734736,-58961.734401327296,-33903.97868730687,0
3.4834834834834836,-59301.598638006246,-34000.894887703085,0
3.4934934934934936,-59642.43298117279,-34097.80625185951,0
3.5035035035035036,-59984.23739067355,-34194.714356211254,0
3.5135135135135136,-60327.011841756925,-34291.62076600886,0
3.5235235235235236,-60670.75632509013,-34388.52703432693,0
3.5335335335335336,-61015.470846759265,-34485.43470206406,0
3.5435435435435436,-61361.15542826927,-34582.34529794292,0
3.5535535535535536,-61707.810106543926,-34679.26033851017,0
3.5635635635635636,-62055.434933922035,-34776.18132807159,0
3.5735735735735736,-62404.02997654839,-34873.10972226901,0
3.5835835835835836,-62753.59531647171,-34970.04694045193,0
3.5935935935935936,-63104.13105015424,-35066.99436952028,0
3.6036036036036037,-63455.63728629794,-35163.95333537487,0
3.6136136136136137,-63808.1141458445,-35260.925102917354,0
3.6236236236236237,-64161.56176197533,-35357.91087605028,0
3.6336336336336337,-64515.980280111595,-35454.91179767705,0
3.6436436436436437,-64871.36985791414,-35551.92894970194,0
3.6536536536536537,-65227.73066469212,-35648.963350032376,0
3.6636636636636637,-65585.06287632091,-35746.01592126682,0
3.6736736736736737,-65943.36668072976,-35843.087514883344,0
3.6836836836836837,-66302.64227296515,-35940.17889709131,0
3.6936936936936937,-66662.88985372624,-36037.29074253986,0
3.7037037037037037,-67024.10962936484,-36134.42363431792,0
3.7137137137137137,-67386.30181188544,-36231.578063954235,0
3.7237237237237237,-67749.46661894517,-36328.754431417314,0
3.7337337337337337,-68113.60427385289,-36425.95304511471,0
3.7437437437437437,-68478.71500074762,-36523.17411582989,0
3.7537537537537538,-68844.79902473006,-36620.4177503599,0
3.7637637637637638,-69211.85657288523,-36717.6839594032,0
3.7737737737737738,-69579.88787025123,-36814.97265663292,0
3.7837837837837838,-69948.89313981935,-36912.28365869687,0
3.793793793793794,-70318.872602534,-37009.61668521756,0
3.803803803803804,-70689.82647729274,-37106.97135879216,0
3.813813813813814,-71061.75498049676,-37204.34720595624,0
3.823823823823824,-71434.65832060802,-37301.74366467046,0
3.833833833833834,-71808.53670141344,-37399.16007419887,0
3.843843843843844,-72183.39031912033,-37496.595689848495,0
3.853853853853854,-72559.21936113872,-37594.049686540435,0
3.863863863863864,-72936.02400608137,-37691.52115880985,0
3.873873873873874,-73313.80442376372,-37789.00912080599,0
3.883883883883884,-73692.56077517623,-37886.51250647606,0
3.893893893893894,-74072.29320930107,-37984.030186446784,0
3.903903903903904,-74453.00186320076,-38081.56095866778,0
3.913913913913914,-74834.6868619275,-38179.10356054715,0
3.923923923923924,-75217.34831700403,-38276.656681758745,0
3.933933933933934,-75600.98632642342,-38374.21896424218,0
3.943943943943944,-75985.60097464923,-38471.78900220284,0
3.953953953953954,-76371.19233261545,-38569.36534211183,0
3.963963963963964,-76757.76045653255,-38666.94650103487,0
3.973973973973974,-77145.30538668034,-38764.53096608043,0
3.983983983983984,-77533.82714847688,-38862.11719554604,0
3.993993993993994,-77923.32575181227,-38959.703642981665,0
4.004004004004004,-78313.80119104762,-39057.288757212904,0
4.014014014014014,-78705.25344501498,-39154.870982340944,0
4.024024024024024,-79097.68247701744,-39252.44875774259,0
4.034034034034034,-79491.08823496992,-39350.02052371585,0
4.044044044044044,-79885.47065134028,-39447.58475244689,0
4.054054054054054,-80280.82964196519,-39545.13991496507,0
4.064064064064064,-80677.1651083374,-39642.684517846414,0
4.074074074074074,-81074.47693788564,-39740.21711009763,0
4.084084084084084,-81472.76500397468,-39837.736283156024,0
4.094094094094094,-81872.02916590523,-39935.2406708896,0
4.104104104104104,-82272.26926891407,-40032.72894959698,0
4.114114114114114,-82673.48514426385,-40130.19983876142,0
4.124124124124124,-83075.67661236844,-40227.65213161125,0
4.134134134134134,-83478.84348047392,-40325.084681819055,0
4.1441441441441444,-83882.9855449177,-40422.49641040836,0
4.1541541541541545,-84288.10259284455,-40519.886317956974,0
4.1641641641641645,-84694.19440220666,-40617.25348459697,0
4.1741741741741745,-85101.26074176354,-40714.59707001473,0
4.1841841841841845,-85509.3013710821,-40811.916313450914,0
4.1941941941941945,-85918.31604163826,-40909.210536996776,0
4.2042042042042045,-86328.30450081374,-41006.479161248884,0
4.2142142142142145,-86739.26648864552,-41103.72169521962,0
4.2242242242242245,-87151.20174209321,-41200.93774356709,0
4.2342342342342345,-87564.10999550603,-41298.12700773079,0
4.2442442442442445,-87977.99098062291,-41395.28928593154,0
4.2542542542542545,-88392.84442657237,-41492.42447317151,0
4.2642642642642645,-88808.6700605007,-41589.53256108253,0
4.2742742742742745,-89225.46761225302,-41686.61364036031,0
4.2842842842842845,-89643.23681124269,-41783.667903398185,0
4.2942942942942945,-90061.9773903467,-41880.69563722414,0
4.3043043043043046,-90481.68908679397,-41977.69722275307,0
4.314314314314315,-90902.37164216532,-42074.67313478681,0
4.324324324324325,-91324.0248023935,-42171.623942014136,0
4.334334334334335,-91746.64831790912,-42268.55030648165,0
4.344344344344345,-92170.24194803818,-42365.4529718262,0
4.354354354354355,-92594.80545912894,-42462.33277666699,0
4.364364364364365,-93020.338626448,-42559.19063855585,0
4.374374374374375,-93446.84123584154,-42656.02754629684,0
4.384384384384385,-93874.31308373522,-42752.8445599463,0
4.394394394394395,-94302.75397713431,-42849.64281081282,0
4.404404404404405,-94732.16373362353,-42946.423501457226,0
4.414414414414415,-95162.54218242213,-43043.18789648645,0
4.424424424424425,-95593.88916770337,-43139.937307119166,0
4.434434434434435,-96026.20454583972,-43236.67311404494,0
4.444444444444445,-96459.48818769584,-43333.3967311728,0
4.454454454454455,-96893.73997883796,-43430.10960324245,0
4.464464464464465,-97328.95981953392,-43526.81320582424,0
4.474474474474475,-97765.14762475314,-43623.509045319224,0
4.484484484484485,-98202.30332416658,-43720.19865895911,0
4.494494494494495,-98640.42686229627,-43816.883606091775,0
4.504504504504505,-99079.51820033575,-43913.56543345496,0
4.514514514514515,-99519.57731571629,-44010.2457213687,0
4.524524524524525,-99960.60420106797,-44106.92603647858,0
4.534534534534535,-100402.59886422007,-44203.607924678305,0
4.544544544544545,-100845.56132820115,-44300.29291110967,0
4.554554554554555,-101289.49163123894,-44396.98250016257,0
4.564564564564565,-101734.38982676041,-44493.678175475,0
4.574574574574575,-102180.25598339178,-44590.381399933045,0
4.584584584584585,-102627.090183895,-44687.09359977351,0
4.594594594594595,-103074.89252446467,-44783.81613446273,0
4.604604604604605,-103523.66311711042,-44880.550338721085,0
4.614614614614615,-103973.40208532741,-44977.29748181241,0
4.624624624624625,-104424.1095638797,-45074.058764967325,0
4.634634634634635,-104875.78569880026,-45170.83532138316,0
4.644644644644645,-105328.430647391,-45267.62821622401,0
4.654654654654655,-105782.04457822275,-45364.43844662075,0
4.664664664664665,-106236.62767113525,-45461.266941670954,0
4.674674674674675,-106692.18011382729,-45558.11454718395,0
4.684684684684685,-107148.70210071358,-45654.982012477034,0
4.694694694694695,-107606.1938357618,-45751.87000917587,0
4.704704704704705,-108064.65552722818,-45848.77911461209,0
4.714714714714715,-108524.08738760828,-45945.70981163585,0
4.724724724724725,-108984.48963363707,-46042.662488615875,0
4.734734734734735,-109445.86248628898,-46139.63743943945,0
4.744744744744745,-109908.20617077776,-46236.63486351241,0
4.754754754754755,-110371.52091465515,-46333.654864758115,0
4.764764764764765,-110835.80694261215,-46430.69744373895,0
4.774774774774775,-111301.06448158984,-46527.76250154306,0
4.784784784784785,-111767.29375556449,-46624.84984380618,0
4.794794794794795,-112234.4949851154,-46721.95918071773,0
4.804804804804805,-112702.66838742483,-46819.09012702079,0
4.814814814814815,-113171.81417627812,-46916.24220201217,0
4.824824824824825,-113641.93256202355,-47013.414829660855,0
4.834834834834835,-114113.02374724062,-47110.60734830351,0
4.844844844844845,-114585.0879273961,-47207.8190022089,0
4.854854854854855,-115058.12529036784,-47305.04895154077,0
4.864864864864865,-115532.13601419171,-47402.296281052964,0
4.874874874874875,-116007.12026706163,-47499.56000008945,0
4.884884884884885,-116483.07820732957,-47596.83904258427,0
4.894894894894895,-116960.0099835055,-47694.132267061614,0
4.904904904904905,-117437.91573238348,-47791.43846893135,0
4.914914914914915,-117916.79557710918,-47888.75638378801,0
4.924924924924925,-118396.64962871642,-47986.08468539331,0
4.934934934934935,-118877.47798413571,-48083.42200690375,0
4.944944944944945,-119359.28072617695,-48180.766941014816,0
4.954954954954955,-119842.0579235293,-48278.11803996099,0
4.964964964964965,-120325.80963076127,-48375.473815515754,0
4.974974974974975,-120810.53588782885,-48472.83274999726,0
4.984984984984985,-121296.23671832052,-48570.19331202234,0
4.994994994994995,-121782.91213058853,-48667.55393975478,0
5.005005005005005,-122270.5621174801,-48764.913073834345,0
5.015015015015015,-122759.18665629972,-48862.26915884333,0
5.025025025025025,-123248.78570880908,-48959.62064330655,0
5.035035035035035,-123739.35922122713,-49056.96597969137,0
5.045045045045045,-124230.90712424107,-49154.30362465413,0
5.055055055055055,-124723.42933387689,-49251.632069113606,0
5.065065065065065,-125216.92574972771,-49348.94982242583,0
5.075075075075075,-125711.39625670851,-49446.255422928174,0
5.085085085085085,-126206.84072633563,-49543.54745932667,0
5.095095095095095,-126703.25901672686,-49640.824570695964,0
5.105105105105105,-127200.65097260136,-49738.08544647934,0
5.115115115115115,-127699.01642527971,-49835.32882648872,0
5.125125125125125,-128198.35519268388,-49932.55350090466,0
5.135135135135135,-128698.66708125915,-50029.75832483808,0
5.145145145145145,-129199.95188727867,-50126.942235215145,0
5.155155155155155,-129702.20939523858,-50224.10423249607,0
5.165165165165165,-130205.43938149654,-50321.243400940075,0
5.175175175175175,-130709.6416143326,-50418.35890900503,0
5.185185185185185,-131214.8158539491,-50515.45000934749,0
5.195195195195195,-131720.9618524708,-50612.51603882268,0
5.205205205205205,-132228.07935443323,-50709.55641957877,0
5.215215215215215,-132736.168101346,-50806.57067223558,0
5.225225225225225,-133245.2278285869,-50903.558410747406,0
5.235235235235235,-133755.258269119,-51000.51934500852,0
5.245245245245245,-134266.2591545484,-51097.45328264553,0
5.255255255255255,-134778.23021512447,-51194.36012901739,0
5.265265265265265,-135291.17117973964,-51291.23988721537,0
5.275275275275275,-135805.081776144,-51388.09265787454,0
5.285285285285285,-136319.96173557107,-51484.91863812831,0
5.295295295295295,-136835.81079044208,-51581.71812768058,0
5.305305305305305,-137352.62867712698,-51678.49151992914,0
5.315315315315315,-137870.4151375593,-51775.23929952107,0
5.325325325325325,-138389.1699192361,-51871.96204235272,0
5.335335335335335,-138908.89277521806,-51968.66041556974,0
5.345345345345345,-139429.58346412936,-52065.33517756708,0
5.355355355355355,-139951.2417533057,-52161.98716659834,0
5.365365365365365,-140473.8674195058,-52258.617307574816,0
5.375375375375375,-140997.46024826984,-52355.226606348486,0
5.385385385385385,-141522.02003665763,-52451.81613395775,0
5.395395395395395,-142047.5465932487,-52548.38702662734,0
5.405405405405405,-142574.03973814225,-52644.94048576834,0
5.415415415415415,-143101.49930295718,-52741.47777797821,0
5.425425425425425,-143629.92513108443,-52838.000232119775,0
5.435435435435435,-144159.3170811886,-52934.50921080707,0
5.445445445445445,-144689.67502539227,-53031.00614294726,0
5.455455455455455,-145220.99885025,-53127.49248996324,0
5.465465465465465,-145753.28845741815,-53223.96973531438,0
5.475475475475475,-146286.5437636549,-53320.43938449655,0
5.485485485485485,-146820.76470082017,-53416.90296504213,0
5.495495495495495,-147355.95121587583,-53513.36202651996,0
5.505505505505505,-147892.10327088457,-53609.818140325646,0
5.515515515515515,-148429.22084348096,-53706.27286258863,0
5.525525525525525,-148967.30392843043,-53802.727757387416,0
5.535535535535535,-149506.35253589274,-53899.18438795047,0
5.545545545545545,-150046.36669085495,-53995.644287631854,0
5.555555555555555,-150587.34643313137,-54092.10895991122,0
5.565565565565565,-151129.29181736358,-54188.5798783938,0
5.575575575575575,-151672.20291302042,-54285.05848681042,0
5.585585585585585,-152216.079804398,-54381.54619901748,0
5.595595595595595,-152760.92259039226,-54478.04439659544,0
5.605605605605605,-153306.73138129857,-54574.554385994146,0
5.615615615615615,-153853.50630316092,-54671.07743448416,0
5.625625625625625,-154401.24749385155,-54767.61474922984,0
5.635635635635635,-154949.95510142567,-54864.16746287201,0
5.645645645645645,-155499.62928412136,-54960.736633527995,0
5.655655655655655,-156050.27021035962,-55057.32324479164,0
5.665665665665665,-156601.8780587444,-55153.92820573325,0
5.675675675675675,-157154.45301806257,-55250.55235089966,0
5.685685685685685,-157707.9952864898,-55347.19643763837,0
5.6956956956956954,-158262.50506535958,-55443.86112018682,0
5.7057057057057055,-158817.98256526806,-55540.54696777235,0
5.7157157157157155,-159374.42800105314,-55637.254457042356,0
5.7257257257257255,-159931.84159037416,-55733.9839681493,0
5.7357357357357355,-160490.22355371204,-55830.73578475073,0
5.7457457457457455,-161049.5741143691,-55927.510094009245,0
5.7557557557557555,-161609.89349846926,-56024.30698659253,0
5.7657657657657655,-162171.18193447348,-56121.1264567673,0
5.7757757757757755,-162733.43964692813,-56217.968399846075,0
5.7857857857857855,-163296.66686071322,-56314.83260824199,0
5.7957957957957955,-163860.8637975838,-56411.71877995217,0
5.8058058058058055,-164426.03067459902,-56508.626519796424,0
5.8158158158158155,-164992.16770412214,-56605.55533941721,0
5.8258258258258255,-165559.27509382044,-56702.50465727962,0
5.8358358358358355,-166127.35304666523,-56799.47379867144,0
5.8458458458458455,-166696.40175840526,-56896.46200328551,0
5.8558558558558556,-167266.42141507947,-56993.468425820225,0
5.865865865865866,-167837.4121951626,-57090.492135054345,0
5.875875875875876,-168409.37426636045,-57187.53212964993,0
5.885885885885886,-168982.307785573,-57284.58733829588,0
5.895895895895896,-169556.21289889415,-57381.65661970795,0
5.905905905905906,-170131.08974161182,-57478.73876262873,0
5.915915915915916,-170706.93843724154,-57575.83249364166,0
5.925925925925926,-171283.75909463983,-57672.936491138455,0
5.935935935935936,-171861.55181002954,-57770.049372372654,0
5.945945945945946,-172440.31666516094,-57867.16972020216,0
5.955955955955956,-173020.05372717162,-57964.29608455515,0
5.965965965965966,-173600.76304858646,-58061.42698243009,0
5.975975975975976,-174182.4446673177,-58158.56089789575,0
5.985985985985986,-174765.09860653113,-58255.69628745682,0
5.995995995995996,-175348.7248731485,-58352.83160647265,0
6.006006006006006,-175933.323458219,-58449.96528236454,0
6.016016016016016,-176518.894337403,-58547.095749574466,0
6.026026026026026,-177105.43747092917,-58644.221455264254,0
6.036036036036036,-177692.9528035944,-58741.340859315605,0
6.046046046046046,-178281.44026476386,-58838.452434330065,0
6.056056056056056,-178870.89976837105,-58935.554665629024,0
6.066066066066066,-179461.33121335285,-59032.646061346284,0
6.076076076076076,-180052.73448408028,-59129.725178767476,0
6.086086086086086,-180645.10944969792,-59226.79060069609,0
6.096096096096096,-181238.45596636873,-59323.840963695,0
6.106106106106106,-181832.77387739724,-59420.87496019825,0
6.116116116116116,-182428.0630132297,-59517.891338511035,0
6.126126126126126,-183024.32319145394,-59614.888902809755,0
6.136136136136136,-183621.55421707116,-59711.866514805406,0
6.146146146146146,-184219.75588559176,-59808.823116206004,0
6.156156156156156,-184818.9279805769,-59905.757716433116,0
6.166166166166166,-185419.07027692432,-60002.66940527599,0
6.176176176176176,-186020.18254191126,-60099.55735838825,0
6.186186186186186,-186622.26453519455,-60196.420837287864,0
6.196196196196196,-187225.31600881057,-60293.259189357195,0
6.206206206206206,-187829.33670717635,-60390.07184784494,0
6.216216216216216,-188434.32637042823,-60486.858339481805,0
6.226226226226226,-189040.28473449708,-60583.61828934805,0
6.236236236236236,-189647.21153144864,-60680.35141665814,0
6.246246246246246,-190255.10649246396,-60777.05753854918,0
6.256256256256256,-190863.96934783921,-60873.73657008101,0
6.266266266266266,-191473.79982698584,-60970.38852423611,0
6.276276276276276,-192084.59765843052,-61067.01351191965,0
6.286286286286286,-192696.36257237324,-61163.611740133165,0
6.296296296296296,-193309.0943027426,-61260.18351610206,0
6.306306306306306,-193922.7925857033,-61356.729244560556,0
6.316316316316316,-194537.4571633912,-61453.24942039139,0
6.326326326326326,-195153.08778395172,-61549.744628574466,0
6.336336336336336,-195769.6842015399,-61646.21554418688,0
6.346346346346346,-196387.24617632045,-61742.66293240292,0
6.356356356356356,-197005.77347549773,-61839.08764410756,0
6.366366366366366,-197625.26587746548,-61935.490605586594,0
6.376376376376376,-198245.72316860696,-62031.87283289117,0
6.386386386386386,-198867.14514673527,-62128.23540714036,0
6.396396396396396,-199489.53162151607,-62224.57947222286,0
6.406406406406406,-200112.8824144673,-62320.906234796996,0
6.416416416416417,-200737.19735895947,-62417.21696429068,0
6.426426426426427,-201362.47630021523,-62513.51299290146,0
6.436436436436437,-201988.71909717593,-62609.79569557031,0
6.446446446446447,-202615.9256241348,-62706.066492857484,0
6.456456456456457,-203244.09576895114,-62802.32685659812,0
6.466466466466467,-203873.22943469408,-62898.578277416316,0
6.476476476476477,-204503.32653965196,-62994.822264590344,0
6.486486486486487,-205134.38701733234,-63091.060346052654,0
6.496496496496497,-205766.410816462,-63187.29406838989,0
6.506506506506507,-206399.39790098707,-63283.52499684286,0
6.516516516516517,-207033.3482500698,-63379.7547041883,0
6.526526526526527,-207668.26185931434,-63475.98473680419,0
6.536536536536537,-208304.13874083574,-63572.21665990974,0
6.546546546546547,-208940.97892149334,-63668.45201083735,0
6.556556556556557,-209578.78244280184,-63764.692293739645,0
6.566566566566567,-210217.54936093118,-63860.93897958946,0
6.576576576576577,-210857.27974670674,-63957.19350617988,0
6.586586586586587,-211497.97368560915,-64053.45727812418,0
6.596596596596597,-212139.63127777432,-64149.73166685587,0
6.606606606606607,-212782.25263602714,-64246.01798952358,0
6.616616616616617,-213425.83788585392,-64342.317492671486,0
6.626626626626627,-214070.3871672206,-64438.631381548,0
6.636636636636637,-214715.90062994952,-64534.96078545057,0
6.646646646646647,-215362.3784336433,-64631.306757042985,0
6.656656656656657,-216009.8207476845,-64727.67027235542,0
6.666666666666667,-216658.2277512359,-64824.05223078436,0
6.676676676676677,-217307.5996332404,-64920.45345509266,0
6.686686686686687,-217957.93659242094,-65016.87469140954,0
6.696696696696697,-218609.23883261072,-65113.31659338387,0
6.706706706706707,-219261.5065631836,-65209.77971599236,0
6.716716716716717,-219914.74000039432,-65306.26452752878,0
6.726726726726727,-220568.93936282967,-65402.77139929881,0
6.736736736736737,-221224.10487140837,-65499.30060561964,0
6.746746746746747,-221880.23674938115,-65595.85232382,0
6.756756756756757,-222537.3352223306,-65692.4266342402,0
6.766766766766767,-223195.40051817137,-65789.02352023202,0
6.776776776776777,-223854.43286311624,-65885.64286850239,0
6.786786786786787,-224514.43248049877,-65982.2844629739,0
6.796796796796797,-225175.39959250402,-66078.94799047186,0
6.806806806806807,-225837.33441618833,-66175.63304557865,0
6.816816816816817,-226500.23716347537,-66272.33913063591,0
6.826826826826827,-227164.10804115626,-66369.06565574459,0
6.836836836836837,-227828.94725088959,-66465.81193876493,0
6.846846846846847,-228494.75498838967,-66562.57720815112,0
6.856856856856857,-229161.53143872033,-66659.36061392714,0
6.866866866866867,-229829.27677949046,-66756.1612156854,0
6.876876876876877,-230497.9911777706,-66852.97800240523,0
6.886886886886887,-231167.674789511,-66949.80989507365,0
6.896896896896897,-231838.3277595413,-67046.65574668531,0
6.906906906906907,-232509.95022157102,-67143.51434224253,0
6.916916916916917,-233182.54229797385,-67240.3844007661,0
6.926926926926927,-233856.10409664921,-67337.26459728411,0
6.936936936936937,-234530.6357123038,-67434.15354491737,0
6.946946946946947,-235206.13722548596,-67531.04981910287,0
6.956956956956957,-235882.60870198434,-67627.95196500873,0
6.966966966966967,-236560.05019282812,-67724.85849753406,0
6.976976976976977,-237238.46173428686,-67821.76790130904,0
6.986986986986987,-237917.8433478651,-67918.67863111076,0
6.996996996996997,-238598.19503943692,-68015.58913929011,0
7.007007007007007,-239279.51679844456,-68112.49785802046,0
7.017017017017017,-239961.80859892213,-68209.40321671766,0
7.027027027027027,-240645.0703995407,-68306.30366057146,0
7.037037037037037,-241329.30214360807,-68403.19765054538,0
7.047047047047047,-242014.5037590689,-68500.08366337683,0
7.057057057057057,-242700.67515850463,-68596.96019157706,0
7.067067067067067,-243387.81623919876,-68693.82574462614,0
7.077077077077077,-244075.92688442572,-68790.67888097298,0
7.087087087087087,-244765.006962049,-68887.51819153722,0
7.097097097097097,-245455.05632652884,-68984.34231390664,0
7.107107107107107,-246146.07481976112,-69081.1499441549,0
7.117117117117117,-246838.06227107765,-69177.9398368416,0
7.127127127127127,-247531.01849724588,-69274.7108050123,0
7.137137137137137,-248224.94330246907,-69371.46172019852,0
7.147147147147147,-248919.8364804848,-69468.19152542023,0
7.157157157157157,-249615.69781487962,-69564.8992428066,0
7.167167167167167,-250312.52707904537,-69661.58396779068,0
7.177177177177177,-251010.32403916802,-69758.24488304886,0
7.187187187187187,-251709.0884542356,-69854.88125854265,0
7.197197197197197,-252408.8200760382,-69951.49245151872,0
7.207207207207207,-253109.5186491678,-70048.07790650889,0
7.217217217217217,-253811.18391227807,-70144.63715771938,0
7.227227227227227,-254513.8156018711,-70241.16983992691,0
7.237237237237237,-255217.4134493652,-70337.67568231997,0
7.247247247247247,-255921.97718539232,-70434.15451160773,0
7.257257257257257,-256627.5065401653,-70530.60625252075,0
7.267267267267267,-257334.00124347807,-70627.03092781092,0
7.277277277277277,-258041.46102470535,-70723.42865825149,0
7.287287287287287,-258749.88561359522,-70819.79966174702,0
7.297297297297297,-259459.27474487547,-70916.14425239747,0
7.307307307307307,-260169.62815503406,-71012.46284561047,0
7.317317317317317,-260880.9455862942,-71108.75594694291,0
7.327327327327327,-261593.22678732438,-71205.02415082391,0
7.337337337337337,-262306.47151323844,-71301.26814055485,0
7.347347347347347,-263020.6795255955,-71397.48868830933,0
7.357357357357357,-263735.8505925095,-71493.68665458412,0
7.367367367367367,-264451.98449279857,-71589.86297223673,0
7.377377377377377,-265169.08101443027,-71686.01866261924,0
7.387387387387387,-265887.1399558938,-71782.15481778076,0
7.397397397397397,-266606.16112784843,-71878.27259007802,0
7.407407407407407,-267326.14435312315,-71974.3731921754,0
7.4174174174174174,-268047.08946671686,-72070.45789704492,0
7.4274274274274275,-268768.9963157983,-72166.52803796627,0
7.4374374374374375,-269491.8647601566,-72262.58500262101,0
7.4474474474474475,-270215.69467551005,-72358.63020582417,0
7.4574574574574575,-270940.4859513837,-72454.66512457363,0
7.4674674674674675,-271666.2384922523,-72550.69125787492,0
7.4774774774774775,-272392.95221790747,-72646.7101200062,0
7.4874874874874875,-273120.62706345815,-72742.72324051817,0
7.4974974974974975,-273849.26297933015,-72838.73216423405,0
7.5075075075075075,-274578.8599312665,-72934.7384512497,0
7.5175175175175175,-275309.4179003224,-73030.74367655741,0
7.5275275275275275,-276040.93688299373,-73126.74939125843,0
7.5375375375375375,-276773.4168928799,-73222.757147485,0
7.5475475475475475,-277506.8579588107,-73318.76848750928,0
7.5575575575575575,-278241.26012408535,-73414.7849172268,0
7.5675675675675675,-278976.623446472,-73510.80790615635,0
7.5775775775775776,-279712.94799820794,-73606.83888744004,0
7.587587587587588,-280450.2338659997,-73702.87925784325,0
7.597597597597598,-281188.4811510228,-73798.93037775467,0
7.607607607607608,-281927.68996841274,-73894.99356650953,0
7.617617617617618,-282667.86044390773,-73991.07006229371,0
7.627627627627628,-283408.99271866534,-74087.16106094333,0
7.637637637637638,-284151.08694439166,-74183.2676886993,0
7.647647647647648,-284894.1432821792,-74279.39099324073,0
7.657657657657658,-285638.1619025065,-74375.53194368485,0
7.667667667667668,-286383.14298523817,-74471.69143058707,0
7.677677677677678,-287129.08671962516,-74567.87026594093,0
7.687687687687688,-287875.99330430466,-74664.06918317807,0
7.697697697697698,-288623.86294570536,-74760.2888324676,0
7.707707707707708,-289372.69585246244,-74856.52975867278,0
7.717717717717718,-290122.4922416118,-74952.79241985857,0
7.727727727727728,-290873.25233276736,-75049.07717841011,0
7.737737737737738,-291624.9763474121,-75145.38429935004,0
7.747747747747748,-292377.66450889857,-75241.71395033851,0
7.757757757757758,-293131.31704244844,-75338.06620167315,0
7.767767767767768,-293885.9341751528,-75434.44102628912,0
7.777777777777778,-294641.51613447856,-75530.83830039552,0
7.787787787787788,-295398.0631428417,-75627.25780084438,0
7.797797797797798,-296155.57542237086,-75723.69920353961,0
7.807807807807808,-296914.0531901926,-75820.16209255141,0
7.817817817817818,-297673.49665789376,-75916.64596066566,0
7.827827827827828,-298433.9060315211,-76013.15020938392,0
7.837837837837838,-299195.28151158144,-76109.67414892347,0
7.847847847847848,-299957.62329293863,-76206.21699863326,0
7.857857857857858,-300720.9315605259,-76302.77790043045,0
7.867867867867868,-301485.2064905863,-76399.35590772213,0
7.877877877877878,-302250.44824958895,-76495.94999942883,0
7.887887887887888,-303016.65699259413,-76592.55908840026,0
7.897897897897898,-303783.832863253,-76689.18202141531,0
7.907907907907908,-304551.9759938077,-76785.81757918208,0
7.917917917917918,-305321.0865050899,-76882.46447635307,0
7.927927927927928,-306091.1645044022,-76979.121379495,0
7.937937937937938,-306862.2100847211,-77075.78690207748,0
7.947947947947948,-307634.22332539485,-77172.45961168817,0
7.957957957957958,-308407.2042908845,-77269.13804819119,0
7.967967967967968,-309181.15303076315,-77365.82072372703,0
7.977977977977978,-309956.0695797166,-77462.50612271264,0
7.987987987987988,-310731.95395754295,-77559.19270184137,0
7.997997997997998,-311508.80616886955,-77655.878904384,0
8.008008008008009,-312286.62620177615,-77752.56317227609,0
8.018018018018019,-313065.41402862343,-77849.24393035973,0
8.028028028028029,-313845.1696064912,-77945.91962120227,0
8.038038038038039,-314625.8928771755,-78042.58870604074,0
8.048048048048049,-315407.58376718865,-78139.24966478194,0
8.058058058058059,-316190.2421877594,-78235.90099600235,0
8.068068068068069,-316973.86803483276,-78332.54121694822,0
8.078078078078079,-317758.46118987614,-78429.16887906272,0
8.088088088088089,-318544.0215201073,-78525.78258673739,0
8.098098098098099,-319330.5488782321,-78622.38097874357,0
8.108108108108109,-320118.0431046464,-78718.96275417617,0
8.118118118118119,-320906.5040274766,-78815.52667306388,0
8.128128128128129,-321695.93146257976,-78912.07155636932,0
8.138138138138139,-322486.32521354355,-79008.59628598893,0
8.148148148148149,-323277.68507240457,-79105.09980872566,0
8.158158158158159,-324070.0108225471,-79201.58115635489,0
8.168168168168169,-324863.3022362264,-79298.039432089,0
8.178178178178179,-325657.5590784293,-79394.47382541362,0
8.188188188188189,-326452.78110735904,-79490.88361439176,0
8.198198198198199,-327248.9680744349,-79587.26816566379,0
8.208208208208209,-328046.1197242926,-79683.6269344475,0
8.218218218218219,-328844.2357950203,-79779.9594648942,0
8.228228228228229,-329643.3160226298,-79876.26539935746,0
8.238238238238239,-330443.36013860494,-79972.54447769937,0
8.248248248248249,-331244.3678729242,-80068.79653631678,0
8.258258258258259,-332046.3389555987,-80165.02150963951,0
8.268268268268269,-332849.2731166726,-80261.21943013037,0
8.278278278278279,-333653.17008622293,-80357.39042828504,0
8.288288288288289,-334458.02959442174,-80453.5347325353,0
8.298298298298299,-335263.851375742,-80549.65266541079,0
8.308308308308309,-336070.6351677478,-80645.7446510172,0
8.318318318318319,-336878.38071265834,-80741.81120601344,0
8.328328328328329,-337687.08775955596,-80837.85293466008,0
8.338338338338339,-338496.75606438605,-80933.87052881942,0
8.348348348348349,-339307.38538995705,-81029.86476795538,0
8.358358358358359,-340118.97550594056,-81125.83651913365,0
8.368368368368369,-340931.52619084803,-81221.7867279227,0
8.378378378378379,-341745.0372347316,-81317.71641546568,0
8.388388388388389,-342559.50843678723,-81413.62668500505,0
8.398398398398399,-343374.9396085948,-81509.51869811691,0
8.408408408408409,-344191.3305742013,-81605.39367422665,0
8.418418418418419,-345008.68117012066,-81701.25289060896,0
8.428428428428429,-345826.99124533363,-81797.0976823878,0
8.438438438438439,-346646.26066129736,-81892.9294423789,0
8.448448448448449,-347466.489294322,-81988.74959260378,0
8.458458458458459,-348287.6770359541,-82084.5596046365,0
8.468468468468469,-349109.8237920853,-82180.36098689554,0
8.478478478478479,-349932.9294840016,-82276.1552597565,0
8.488488488488489,-350756.99404838326,-82371.94395555201,0
8.498498498498499,-351582.01743730524,-82467.72861857171,0
8.508508508508509,-352407.99961823673,-82563.51080506235,0
8.518518518518519,-353234.94057404145,-82659.29208322775,0
8.528528528528529,-354062.84030286275,-82755.07402032592,0
8.538538538538539,-354891.69881905895,-82850.85815044295,0
8.548548548548549,-355721.5161534218,-82946.64601739995,0
8.558558558558559,-356552.29235111835,-83042.4391296499,0
8.568568568568569,-357384.0274715892,-83138.23895623442,0
8.578578578578579,-358216.7215885486,-83234.04692678385,0
8.588588588588589,-359050.3747899842,-83329.86443151721,0
8.598598598598599,-359884.98717815714,-83425.69282124218,0
8.608608608608609,-360720.5588696015,-83521.53340734924,0
8.618618618618619,-361557.0899920254,-83617.3874326719,0
8.62862862862863,-362394.5806864446,-83713.25607598654,0
8.63863863863864,-363233.0311065294,-83809.14046053462,0
8.64864864864865,-364072.4414149582,-83905.04162926134,0
8.65865865865866,-364912.8117834171,-84000.96054481565,0
8.66866866866867,-365754.1423926003,-84096.89808955026,0
8.67867867867868,-366596.43343220965,-84192.8550655216,0
8.68868868868869,-367439.68510095513,-84288.83219448988,0
8.6986986986987,-368283.89760632114,-84384.83011732894,0
8.70870870870871,-369129.07115817326,-84480.84937426978,0
8.71871871871872,-369975.20597317925,-84576.89041120578,0
8.72872872872873,-370822.3022720376,-84672.95358146682,0
8.73873873873874,-371670.3602768852,-84769.03914075163,0
8.74874874874875,-372519.38021129736,-84865.14724712778,0
8.75875875875876,-373369.3623002877,-84961.27796103168,0
8.76876876876877,-374220.3067703084,-85057.43124526861,0
8.77877877877878,-375072.21384893387,-85153.60696525648,0
8.78878878878879,-375925.0837589178,-85249.80489006464,0
8.7987987987988,-376778.9167216243,-85346.02468587972,0
8.80880880880881,-377633.71295428975,-85442.26592604206,0
8.81881881881882,-378489.47266823536,-85538.52809356047,0
8.82882882882883,-379346.1960688679,-85634.81058111228,0
8.83883883883884,-380203.8833556791,-85731.1126910433,0
8.84884884884885,-381062.5347222459,-85827.43363536785,0
8.85885885885886,-381922.1503537924,-85923.77254460375,0
8.86886886886887,-382782.7304248898,-86020.12846886007,0
8.87887887887888,-383644.27510138735,-86116.50037689482,0
8.88888888888889,-384506.7845374918,-86212.8871730992,0
8.8988988988989,-385370.25887573935,-86309.28769762718,0
8.90890890890891,-386234.69824699574,-86405.70072639559,0
8.91891891891892,-387100.10277045594,-86502.12497108405,0
8.92892892892893,-387966.47255269135,-86598.55908822798,0
8.93893893893894,-388833.8076851036,-86695.0016926957,0
8.94894894894895,-389702.1082457343,-86791.45134521113,0
8.95895895895896,-390571.37429772434,-86887.90657995862,0
8.96896896896897,-391441.6058892172,-86984.365905798,0
8.97897897897898,-392312.80305335915,-87080.82780626453,0
8.98898898898899,-393184.9658082991,-87177.29073956893,0
8.998998998999,-394058.0941571364,-87273.75314391186,0
9.00900900900901,-394932.18808680715,-87370.21346555729,0
9.01901901901902,-395807.24756800605,-87466.67012914352,0
9.02902902902903,-396683.27255618834,-87563.12157420373,0
9.03903903903904,-397560.2629916127,-87659.56626164424,0
9.04904904904905,-398438.21879934135,-87756.00267374454,0
9.05905905905906,-399317.13988924,-87852.42931415724,0
9.06906906906907,-400197.0261559778,-87948.84470790812,0
9.07907907907908,-401077.8774792867,-88045.24740558698,0
9.08908908908909,-401959.6937254875,-88141.63601718584,0
9.0990990990991,-402842.47474586347,-88238.00918741873,0
9.10910910910911,-403726.22037923435,-88334.3656180028,0
9.11911911911912,-404610.9304524399,-88430.70407384196,0
9.12912912912913,-405496.6047803394,-88527.02338302693,0
9.13913913913914,-406383.2431658121,-88623.32243683524,0
9.14914914914915,-407270.8453998453,-88719.60019016729,0
9.15915915915916,-408159.41126474016,-88815.85567983739,0
9.16916916916917,-409048.9405322942,-88912.0880195473,0
9.17917917917918,-409939.4329662143,-89008.29640551093,0
9.18918918918919,-410830.88832382136,-89104.48012367012,0
9.1991991991992,-411723.3063560502,-89200.63854969465,0
9.20920920920921,-412616.68680744944,-89296.77114898222,0
9.21921921921922,-413511.02941618185,-89392.87747665848,0
9.22922922922923,-414406.3339169059,-89488.95718229683,0
9.23923923923924,-415302.60004188394,-89585.01001634529,0
9.24924924924925,-416199.82752037834,-89681.03582504945,0
9.25925925925926,-417098.0160821053,-89777.03455261333,0
9.26926926926927,-417997.16545724234,-89873.00624120844,0
9.27927927927928,-418897.27537642873,-89968.95103097359,0
9.28928928928929,-419798.3455707653,-90064.86916001509,0
9.2992992992993,-420700.3757738938,-90160.76096167603,0
9.30930930930931,-421603.36572489963,-90256.62686647661,0
9.31931931931932,-422507.31516605313,-90352.46740231338,0
9.32932932932933,-423412.22384676896,-90448.28318362523,0
9.33933933933934,-424318.0915237164,-90544.07491117303,0
9.34934934934935,-425224.9179608192,-90639.84337203969,0
9.35935935935936,-426132.70292925567,-90735.58943963016,0
9.36936936936937,-427041.4462080347,-90831.3140706124,0
9.37937937937938,-427951.1475883727,-90927.0182889304,0
9.38938938938939,-428861.80687070644,-91022.70320567818,0
9.3993993993994,-429773.4238674917,-91118.36999225241,0
9.40940940940941,-430685.9984039229,-91214.01987550463,0
9.41941941941942,-431599.53031793237,-91309.65413774122,0
9.42942942942943,-432514.01946019114,-91405.27411672345,0
9.43943943943944,-433429.4656941083,-91500.88120566742,0
9.44944944944945,-434345.8688966516,-91596.47684124795,0
9.45945945945946,-435263.22896114213,-91692.06248482551,0
9.46946946946947,-436181.5457950427,-91787.6396522633,0
9.47947947947948,-437100.8193211413,-91883.20987087754,0
9.48948948948949,-438021.04947767744,-91978.77467676853,0
9.4994994994995,-438942.236218342,-92074.33561482062,0
9.50950950950951,-439864.37951227743,-92169.89423870225,0
9.51951951951952,-440787.47934407764,-92265.45211086595,0
9.52952952952953,-441711.53571376385,-92361.01080135703,0
9.53953953953954,-442636.54863663163,-92456.57184583905,0
9.54954954954955,-443562.51814496546,-92552.13677746773,0
9.55955955955956,-444489.4442858716,-92647.70710771775,0
9.56956956956957,-445417.3271205311,-92743.28430583609,0
9.57957957957958,-446346.16672419995,-92838.86979884212,0
9.58958958958959,-447275.963186209,-92934.46497152765,0
9.5995995995996,-448206.7166099638,-93030.07116645682,0
9.60960960960961,-449138.427112945,-93125.68968396621,0
9.61961961961962,-450071.0948253959,-93221.32177128676,0
9.62962962962963,-451004.7198880424,-93316.96859308408,0
9.63963963963964,-451939.3024561432,-93412.63126654991,0
9.64964964964965,-452874.8426940199,-93508.31082992948,0
9.65965965965966,-453811.34077464667,-93604.00823964008,0
9.66966966966967,-454748.79687965015,-93699.72437027105,0
9.67967967967968,-455687.21119930944,-93795.46001458386,0
9.68968968968969,-456626.58393255604,-93891.21588351204,0
9.6996996996997,-457566.91528697405,-93986.99260616115,0
9.70970970970971,-458508.2054749009,-94082.79071940825,0
9.71971971971972,-459450.45471183327,-94178.61065683952,0
9.72972972972973,-460393.6632195305,-94274.45276248344,0
9.73973973973974,-461337.8312208322,-94370.31728263607,0
9.74974974974975,-462282.958939622,-94466.20436578315,0
9.75975975975976,-463229.0466008277,-94562.11406260022,0
9.76976976976977,-464176.09443042113,-94658.04632595254,0
9.77977977977978,-465124.102655418,-94754.00101089527,0
9.78978978978979,-466073.0714996588,-94849.9778770269,0
9.7997997997998,-467023.0011832214,-94945.97658241833,0
9.80980980980981,-467973.89192345546,-95041.99668954639,0
9.81981981981982,-468925.74393145676,-95138.03767148081,0
9.82982982982983,-469878.5574120667,-95234.09891188412,0
9.83983983983984,-470832.3325638725,-95330.17970501176,0
9.84984984984985,-471787.06957920734,-95426.27925571198,0
9.85985985985986,-472742.7686430451,-95522.39668388627,0
9.86986986986987,-473699.42992883327,-95618.53103506206,0
9.87987987987988,-474657.0536015061,-95714.68126924594,0
9.88988988988989,-475615.63981443073,-95810.8462821892,0
9.8998998998999,-476575.18870907056,-95907.02490712157,0
9.90990990990991,-477535.70041498484,-96003.21591475133,0
9.91991991991992,-478497.1750498293,-96099.41801326524,0
9.92992992992993,-479459.6127190043,-96195.62985210282,0
9.93993993993994,-480423.0135127395,-96291.85004393877,0
9.94994994994995,-481387.3775075922,-96388.07714527639,0
9.95995995995996,-482352.70476537984,-96484.30968443933,0
9.96996996996997,-483318.99533283024,-96580.54616664714,0
9.97997997997998,-484286.24924158154,-96676.78507401532,0
9.98998998998999,-485254.4665081823,-96773.02486555533,0
10.0,-486223.64713407203,-96869.26397759614,0
