t,z_m,v_m,eds
0.0,0.05,0.0,0.0
0.0005005005005005005,0.048666618383179004,-5.0927070422521075,-0.6718905648190081
0.001001001001001001,0.04521858500926386,-8.381866494279077,-0.9434842360383875
0.0015015015015015015,0.040521445979814066,-10.197948892893468,-0.5692169624447074
0.002002002002002002,0.035161939399654424,-11.095367252600218,0.07238087233254928
0.0025025025025025025,0.029522510573328532,-11.34177689685022,0.8447781663309641
0.003003003003003003,0.023905393693815894,-11.004111899181307,1.42230276377745
0.0035035035035035035,0.018619760575659856,-9.986088310253539,1.1281898869939024
0.004004004004004004,0.014073265184574508,-7.97405699111716,0.5350804542067094
0.0045045045045045045,0.010904504111360515,-4.3657230853643885,0.18254881152586652
0.005005005005005005,0.010007069152210989,0.9504059591847497,-0.03462654653565628
0.0055055055055055055,0.011770979994010515,5.809169089102712,-0.2772927743885361
0.006006006006006006,0.015498548240331865,8.799441999220855,-0.7156391541668523
0.0065065065065065065,0.020352364255629172,10.421134271548702,-1.3114092060401648
0.007007007007007007,0.025788874354576257,11.186398901379453,-1.3102515347994794
0.0075075075075075074,0.031446187224268826,11.323675219348136,-0.5661628824090288
0.008008008008008008,0.03702656351603451,10.872444719765406,0.1538197297576105
0.008508508508508508,0.04221153143528988,9.706522071202768,0.751389264147006
0.009009009009009009,0.04656566143133769,7.467264997036252,0.9234610108589651
0.00950950950950951,0.049401992815775286,3.5382572458208763,0.46666432700081467
0.01001001001001001,0.04984017828608337,-1.8729446888714931,-0.24563121708231914
0.01051051051051051,0.04768706357927639,-6.4160323037419404,-0.8314041461538276
0.011011011011011011,0.04373099815967184,-9.12850881220875,-0.8790832372885684
0.011511511511511512,0.03875693255209239,-10.58650770151389,-0.36061724367299874
0.012012012012012012,0.03326577277834105,-11.245090389233395,0.3157214469876482
0.012512512512512512,0.027601303821950265,-11.294053814396253,1.111767051383974
0.013013013013013013,0.022059222329827963,-10.74540179658285,1.41657350782808
0.013513513513513514,0.01697012216858837,-9.4397429918958,0.9129906974420007
0.014014014014014014,0.012803134746121412,-6.964904834973883,0.38813487192701807
0.014514514514514514,0.010302453752785276,-2.6961200826574685,0.1026876735827844
0.015015015015015015,0.010325715497265452,2.7844110719995596,-0.10642453027421045
0.015515515515515516,0.012862499233664908,7.020234781772729,-0.39463481990402305
0.016016016016016016,0.01705039773501975,9.47001729336893,-0.9236686319134769
0.016516516516516516,0.022150520959834136,10.760294455212936,-1.4196007076501063
0.017017017017017015,0.02769727842544396,11.298047927408609,-1.0998164756446023
0.017517517517517518,0.03336128998716744,11.239287061018713,-0.3035215338339389
0.018018018018018018,0.0388467805041888,10.56932388694597,0.3708181360572905
0.018518518518518517,0.04380839046041156,9.094735801831254,0.8836545551998914
0.01901901901901902,0.04774132153413271,6.3552723017594195,0.8246816729112564
0.01951951951951952,0.049855731958714414,1.7812444196756854,0.2335654658035265
0.02002002002002002,0.04937161300217471,-3.6213616715418393,-0.47776394837340086
0.02052052052052052,0.046502031946724316,-7.517540251188883,-0.9260457529839651
0.02102102102102102,0.04212894792623659,-9.733872497734579,-0.7422213059491765
0.021521521521521522,0.03693411918961115,-10.885505291504671,-0.14167872716303986
0.022022022022022022,0.03134993012429657,-11.326187561789054,0.581206220309685
0.02252252252252252,0.025693790685120933,-11.17903721486357,1.3194379695759375
0.023023023023023025,0.020263835439186667,-10.401781024681583,1.3030294774934639
0.023523523523523524,0.015423857378414531,-8.762044626177094,0.704813157647765
0.024024024024024024,0.011721817411854248,-5.742500359429639,0.2715840603069098
0.024524524524524523,0.009999335217875032,-0.8556311578760165,0.031078155560930507
0.025025025025025023,0.010941926076527619,4.443736292437741,-0.18651120937335516
0.025525525525525526,0.014141274335653618,8.019626119724707,-0.5422939035530208
0.026026026026026026,0.018704831273501973,10.0104726292525,-1.1372543944904105
0.026526526526526525,0.02399912007243364,11.015073055937826,-1.4201419111237144
0.02702702702702703,0.02961911908736544,11.34248990639352,-0.8329931860617158
0.027527527527527528,0.03525640004351659,11.086025192566309,-0.06267108538465518
0.028028028028028028,0.040608244754027065,10.17592009469187,0.5770255155221351
0.028528528528528527,0.04528985272118603,8.340255257305579,0.9431367383974818
0.029029029029029027,0.04870975937125185,5.020159339839685,0.6624390530642829
0.02952952952952953,0.049999663583306174,-0.09520691115884117,-0.01245100774691474
0.03003003003003003,0.048622960998777214,-5.164794721823828,-0.6810569541798694
0.03053053053053053,0.045146989577474095,-8.423221100490396,-0.9407216526550632
0.031031031031031032,0.040434415562636744,-10.219877187769294,-0.5568076721593772
0.03153153153153153,0.035067275685284297,-11.104664061317582,0.08640935987784239
0.03203203203203203,0.029425766644530803,-11.341023982727089,0.8615122446835676
0.032532532532532535,0.023811536365515647,-10.993049201284059,1.425630476350606
0.03303303303303303,0.018534607322345055,-9.96148332445949,1.1161024236428103
0.033533533533533534,0.014005340623482956,-7.927991905699253,0.525509531193372
0.03403403403403403,0.01086749704479287,-4.286915097816863,0.17773234628025705
0.03453453453453453,0.010015520233260187,1.0454308938197083,-0.03802969505040871
0.035035035035035036,0.011820832761239868,5.875666809266493,-0.2818062877147927
0.03553553553553553,0.015573859158257515,8.83676280249877,-0.7238878665853159
0.036036036036036036,0.020441494934476598,10.440474149913623,-1.317955857954937
0.03653653653653654,0.025884532636412445,11.193746643933663,-1.3035438374757562
0.037037037037037035,0.03154301493043291,11.321091923480262,-0.5549910790858994
0.03753753753753754,0.037119520026263106,10.859226251888511,0.1627144986756533
0.03803803803803804,0.04229448820199949,9.67879393501957,0.7572226976329034
0.03853853853853854,0.04662939479987708,7.416222974091691,0.9193856077080098
0.03903903903903904,0.04943198630107568,3.4540485115887627,0.45551427827926855
0.03953953953953954,0.04982382067187452,-1.9650830303539846,-0.2578696418857004
0.04004004004004004,0.04763191618415927,-6.476826300906891,-0.8374335144560282
0.04054054054054054,0.04365270038191212,-9.162323693180186,-0.8717585550674666
0.04104104104104104,0.03866618008008617,-10.603730000134732,-0.3474639272697628
0.04154154154154154,0.03316939117852462,-11.250875991883744,0.33098427553715754
0.04204204204204204,0.027504508595291695,-11.28995313311648,1.1264828560330176
0.04254254254254254,0.02196713754605906,-10.73023182331307,1.4129243513671372
0.043043043043043044,0.016889267752053058,-9.40890260221824,0.9002513583942543
0.04354354354354354,0.012743580055221606,-6.908515432479037,0.3805340796813524
0.044044044044044044,0.010279636824996186,-2.606464250705859,0.09864478592456682
0.04454454454454455,0.010349924239272916,2.873248341793123,-0.10991542889996336
0.04504504504504504,0.012922946368073895,7.075709367725643,-0.40023757292411083
0.045545545545545546,0.01713180309095413,9.50037580389013,-0.9328209259674844
0.04604604604604605,0.022242974635382367,10.775206280929714,-1.4222692334891003
0.046546546546546545,0.02779433774620677,11.301961536105438,-1.089706562570836
0.04704704704704705,0.0334578253911314,11.23328221491929,-0.29319889732267923
0.047547547547547545,0.03893755604594432,10.551736340199765,0.37929798761177935
0.04804804804804805,0.04388645732551462,9.060222378436265,0.8866457205763865
0.04854854854854855,0.047795751478714524,6.293220778305336,0.8174391006406445
0.04904904904904905,0.04987071861345541,1.6880954567372322,0.221365301798002
0.04954954954954955,0.0493401686504452,-3.705006969404974,-0.488968654198845
0.050050050050050046,0.04643718347834411,-7.567989526289955,-0.9278369510235314
0.05055055055055055,0.04204509448964294,-9.761300338745382,-0.7314819088543396
0.05105105105105105,0.036840376177035346,-10.898542828310452,-0.12814961839370262
0.05155155155155155,0.031252396355804575,-11.328595643474703,0.5978247029186942
0.05205205205205205,0.02559755785502529,-11.17139866179553,1.3292244093126242
0.052552552552552555,0.020174302325609794,-10.381926109531394,1.2937944228642697
0.05305305305305305,0.015348493963886106,-8.723753049580601,0.6932700617859368
0.053553553553553554,0.011672574396167455,-5.674327796751729,0.2656012024356519
0.05405405405405406,0.009992311965152588,-0.7594139039364798,0.027475456962752977
0.05455455455455455,0.010980516922755633,4.5222110126396355,-0.19038923155470897
0.055055055055055056,0.014210581508352605,8.065349305498847,-0.5492967599114272
0.05555555555555555,0.018791249519323146,10.034904196654479,-1.1460145728863156
0.056056056056056056,0.024094167211588243,11.025997052846687,-1.4179003629219775
0.05655655655655656,0.029716973067554463,11.343052646319332,-0.8214653562387574
0.057057057057057055,0.03535204366980449,11.07638916796902,-0.05314622458545705
0.05755755755755756,0.040696007745239994,10.153344666367845,0.5846614276816698
0.058058058058058054,0.04536171116042059,8.297649311173512,0.942534799977549
0.05855855855855856,0.04875284650465811,4.94603308581108,0.6527639517654589
0.05905905905905906,0.049998488440094815,-0.19168832814199893,-0.025078814598205393
0.059559559559559556,0.04857808557085653,-5.237242050819875,-0.6901947713555794
0.06006006006006006,0.04507406889397396,-8.464699966155795,-0.9376619821061157
0.06056056056056056,0.04034602622861198,-10.24183478957045,-0.5442081254510649
0.06106106106106106,0.034971255984796876,-11.113892604252944,0.10064797883066402
0.06156156156156156,0.02932772003354163,-11.340072723957942,0.8783905549175239
0.062062062062062065,0.023716516288538894,-10.981628380678554,1.4285595756060885
0.06256256256256257,0.018448530675959175,-9.936237071074183,1.103762235390183
0.06306306306306306,0.013936921274394574,-7.88082092201526,0.5159555811061383
0.06356356356356356,0.01083069487244822,-4.206458457577679,0.1729220786442292
0.06406406406406406,0.010024923990191321,1.141525750134914,-0.04146719520298785
0.06456456456456457,0.011871935341385725,5.94243008030054,-0.2864235449110365
0.06506506506506507,0.015650496892387303,8.874168397830257,-0.7323211858918371
0.06556556556556556,0.020531975573079425,10.459806832932799,-1.324470076720425
0.06606606606606606,0.025981510096080476,11.200995195287057,-1.2965413878307783
0.06656656656656657,0.031641118862546856,11.318291100084398,-0.5436628275579537
0.06706706706706707,0.03721357442484437,10.845624438015735,0.17173215671554934
0.06756756756756757,0.04237827881383159,9.65038541417035,0.7630502023959995
0.06806806806806806,0.04669350478481385,7.363992929601479,0.9151127170761568
0.06856856856856856,0.0494616235374728,3.368210224685145,0.44415158993872617
0.06906906906906907,0.04980644147984371,-2.058062689600783,-0.27023057170654075
0.06956956956956957,0.0475755227998034,-6.537826769627682,-0.8433230224237148
0.07007007007007007,0.04357309422477456,-9.196204082361875,-0.8641332143636622
0.07057057057057058,0.03857411171032101,-10.620939157058665,-0.33415991468972794
0.07107107107107107,0.033071727445515106,-11.256552582641204,0.34649248809021577
0.07157157157157157,0.027406564255355516,-11.285620220903008,1.141129320170168
0.07207207207207207,0.021874020190714123,-10.71463457752579,1.4088381985878846
0.07257257257257257,0.016807663032139503,-9.377308069227455,0.8874020114568134
0.07307307307307308,0.012683777623332726,-6.85083646326081,0.3729643326084687
0.07357357357357357,0.010257328429736349,-2.5152117849044062,0.09459648341205337
0.07407407407407407,0.010375227287606904,2.962722908555033,-0.11345593318071572
0.07457457457457457,0.012984648027797146,7.131311263372618,-0.4059750298834532
0.07507507507507508,0.017214496470065323,9.530765473680301,-0.9421260610398821
0.07557557557557558,0.022336721359336877,10.790066614205204,-1.424774622846087
0.07607607607607608,0.02789265896644426,11.30573240006615,-1.0793313878893256
0.07657657657657657,0.03355549172937625,11.226998545704301,-0.28275993257369064
0.07707707707707707,0.03902930109983475,10.533665633229594,0.3878791462575704
0.07757757757757758,0.04396516845834535,9.024888051731953,0.8895409846087826
0.07807807807807808,0.047850284810704885,6.229793908628788,0.8099818335640372
0.07857857857857858,0.04988504858374601,1.593497911713334,0.20897594785760498
0.07907907907907907,0.049307592925071704,-3.7890928962876322,-0.5002154742344885
0.07957957957957958,0.046371102105951134,-7.618520589786861,-0.929382696004806
0.08008008008008008,0.04195998990301882,-9.788722914474128,-0.7204995862621278
0.08058058058058058,0.036745410457649265,-10.911509116556626,-0.114468642019326
0.08108108108108109,0.031153715569320468,-11.33082912260278,0.6146612600505853
0.08158158158158157,0.02550023646203626,-11.16349957919125,1.3387326376362132
0.08208208208208208,0.020083905643582346,-10.361601444528645,1.2842006128280996
0.08258258258258258,0.015272604374824012,-8.684610928594115,0.6817232223443072
0.08308308308308308,0.011623365750562893,-5.60476088285371,0.2596476529247472
0.08358358358358359,0.009986058140780529,-0.6619448065104294,0.023858223030448353
0.08408408408408408,0.011020244077274855,4.600976969903759,-0.19433582013996023
0.08458458458458458,0.014281089731817458,8.111115716746005,-0.5564583833007908
0.08508508508508508,0.018878868934924877,10.059331890807746,-1.1548397243386082
0.08558558558558559,0.02419040882966943,11.036844478297189,-1.4154038163990297
0.08608608608608609,0.02981595714057674,11.343425613020742,-0.8097519911890495
0.08658658658658659,0.035448676644618746,11.066436630741771,-0.04351963056190501
0.08708708708708708,0.04078455753367374,10.130215267277942,0.5923432377637657
0.08758758758758758,0.0454340165695948,8.25409321803205,0.9417712477423031
0.08808808808808809,0.048795766723777965,4.870428922225185,0.6428816298454596
0.08858858858858859,0.049996452155298715,-0.2892312461240443,-0.03785607595051555
0.0890890890890891,0.04853206473197334,-5.309910174344555,-0.699280056837667
0.08958958958958958,0.0449999528222375,-8.506217399959414,-0.9343016892288707
0.09009009009009009,0.04025642699452161,-10.263767059241664,-0.5314383499131531
0.09059059059059059,0.0348740574354973,-11.123024328594232,0.11507795586406323
0.09109109109109109,0.029228529675750153,-11.338950451048094,0.89538121095616
0.0915915915915916,0.023620495229347917,-10.969888784075247,1.4310756844525676
0.0920920920920921,0.018361688637557706,-9.910422026030613,1.091199382853284
0.09259259259259259,0.013868133483371858,-7.83262626415192,0.5064378567277656
0.09309309309309309,0.010794180002502414,-4.124478459993854,0.16812591371769509
0.0935935935935936,0.010035276918383079,1.2385035681186098,-0.04493365861952248
0.0940940940940941,0.011924203751036833,6.009338191239441,-0.2911382450665482
0.0945945945945946,0.0157283377461522,8.911601937254959,-0.740925256429608
0.09509509509509509,0.02062364935346882,10.47912359789391,-1.3309335274855112
0.09559559559559559,0.026079649800399556,11.20815555142023,-1.289255967509605
0.0960960960960961,0.03174023572963812,11.315289899784547,-0.5322177803992483
0.0965965965965966,0.03730857295601412,10.831633165563302,0.1808545756738589
0.0970970970970971,0.042462763728621664,9.621320365372682,0.768853123102512
0.09759759759759759,0.04675787540227723,7.310619963608796,0.9106409778248638
0.0980980980980981,0.04949083632189996,3.280855260923664,0.4325915449525461
0.0985985985985986,0.04978803882126683,-2.1517336392132433,-0.2826934724112667
0.0990990990990991,0.04751794690172897,-6.598924455581816,-0.8490522264613054
0.0995995995995996,0.04349228721838199,-9.230096379914121,-0.8562139351424182
0.10010010010010009,0.038480837367250706,-10.63809467663108,-0.32071921143222115
0.1006006006006006,0.03297288341137286,-11.262097386790659,0.3622344944187329
0.1011011011011011,0.02730747645706256,-11.281041719700188,1.1556866719886394
0.1016016016016016,0.02177997320475904,-10.698624407931556,1.4043136908321767
0.1021021021021021,0.01672540935028627,-9.345006693355577,0.8744659115596877
0.10260260260260261,0.012623803982241732,-6.791929758453409,0.3654357857481168
0.1031031031031031,0.01023557908986089,-2.4224948661399566,0.09054823319920649
0.1036036036036036,0.010401602581717777,3.0527067668257737,-0.1170427411390924
0.1041041041041041,0.013047532799787437,7.186997232890096,-0.4118440780256209
0.1046046046046046,0.017298396113309418,9.561157933213167,-0.9515722292394462
0.10510510510510511,0.022431646537049335,10.804883393315295,-1.427107412541929
0.1056056056056056,0.02799208599949335,11.309375344072098,-1.0687126987083446
0.1061061061061061,0.03365425307351304,11.220482189221496,-0.272211129005359
0.1066066066066066,0.0391219108400664,10.515182387721584,0.3965509478454741
0.10710710710710711,0.044044467514875826,8.988787031070377,0.8923360536046063
0.10760760760760761,0.047904890878630396,6.165066742657298,0.8023189755974472
0.10810810810810811,0.049898725451164146,1.4975218692152015,0.19640607226784132
0.1086086086086086,0.049273918511770785,-3.8735891850545547,-0.5114968678809478
0.1091091091091091,0.046303821764974495,-7.669136712115298,-0.9306776989214213
0.10960960960960961,0.04187366025200618,-9.816173616250307,-0.7092836507713546
0.11011011011011011,0.03664921563126829,-10.924435425566033,-0.10063381280643487
0.11061061061061062,0.031053836639577385,-11.332937183626747,0.6317229476811765
0.1111111111111111,0.02540186417593468,-11.155310537370951,1.3479381369805667
0.11161161161161161,0.01999260890425752,-10.340765218841737,1.2742434822813142
0.11211211211211211,0.015196143856883055,-8.644570233074125,0.6701715881749946
0.11261261261261261,0.011574179908050554,-5.5337146906778605,0.25372018264660845
0.11311311311311312,0.009980587561298415,-0.5631637001508639,0.020223412350949575
0.1136136136136136,0.011061141185841923,4.680067767955047,-0.19835591693192903
0.11411411411411411,0.014352850023925043,8.156966873610447,-0.5637890872548932
0.11461461461461461,0.018967769302724646,10.083764378456683,-1.163732687133202
0.11511511511511512,0.02428791540167658,11.047617008197854,-1.4126404141279958
0.11561561561561562,0.02991617459375223,11.343659379379563,-0.7978434438143638
0.11611611611611611,0.035546427229569244,11.056155138220317,-0.03377505180040225
0.11661661661661661,0.040874004360256413,10.106524602701345,0.6000829552279899
0.11711711711711711,0.04550680436137134,8.209550254747212,0.9408419253187694
0.11761761761761762,0.04883853384778012,4.793284806531847,0.6327844497818872
0.11811811811811812,0.04999351717486136,-0.3879061203636418,-0.050792500267834585
0.11861861861861862,0.04848483389271896,-5.382815961795092,-0.7083082229401441
0.11911911911911911,0.044924566413430365,-8.547788636706393,-0.9306316503446812
0.11961961961961962,0.04016555464967716,-10.285694885327851,-0.5184950987190866
0.12012012012012012,0.03477561802237018,-11.132081773378372,0.12971065630400158
0.12062062062062062,0.02912822144136468,-11.337632993456507,0.9124670001437203
0.12112112112112113,0.023523447832827213,-10.957783279876697,1.4331613790485924
0.12162162162162161,0.01827405323686651,-9.8839720681086,1.0784121928565387
0.12212212212212212,0.01379895841992079,-7.783319537571336,0.4969534226557576
0.12262262262262262,0.010757973844601991,-4.04089774722252,0.16334157825510284
0.12312312312312312,0.010046626455051742,1.336391737339134,-0.048431908447640344
0.12362362362362363,0.01197769635361417,6.0764147758369935,-0.29595725328130923
0.12412412412412413,0.015807439436226808,8.949064644456143,-0.7497075670084132
0.12462462462462462,0.02071659523338737,10.49839606367674,-1.3373384107313588
0.12512512512512514,0.026179040589296803,11.215183217219675,-1.2816685837247956
0.12562562562562563,0.03184057117198445,11.312054145606709,-0.5206272701275192
0.12612612612612611,0.03740458022460978,10.817261643835899,0.19009057421285358
0.12662662662662663,0.042547997889174814,9.591568814439174,0.7746324612174305
0.12712712712712712,0.04682252553115244,7.256076350062063,0.905966691514071
0.12762762762762764,0.04951960102484498,3.1919269759065734,0.42082688022394693
0.12812812812812813,0.049768579695458046,-2.246103982232288,-0.29525854119888556
0.12862862862862862,0.04745914934315571,-6.660133005709479,-0.8546137423212631
0.12912912912912913,0.04341022929820691,-9.264000243876083,-0.8479955929299703
0.12962962962962962,0.03838633293528105,-10.655210101345219,-0.30714055589928474
0.13013013013013014,0.03287287252818883,-11.267525538363182,0.37821126485476564
0.13063063063063063,0.02720728033325111,-11.27622796098355,1.1701333229453714
0.13113113113113112,0.021684998631179613,-10.682205367541682,1.3993473572728379
0.13163163163163163,0.01664250645409757,-9.311965066173961,0.8614487497611265
0.13213213213213212,0.012563674237195758,-6.731747169347705,0.3579488774233805
0.13263263263263264,0.010214407719990944,-2.3282572241136092,0.0864978030988702
0.13313313313313313,0.010429084885089772,3.143204912339332,-0.12067869033594705
0.13363363363363362,0.01311163844661209,7.242746353762266,-0.4178494318272037
0.13413413413413414,0.017383526957375748,9.591555800616678,-0.9611608975559174
0.13463463463463463,0.022527801561696374,10.819641725894936,-1.429256195614242
0.13513513513513514,0.02809271352068367,11.3128750607506,-1.0578358526649083
0.13563563563563563,0.033754035977242934,11.213675086359707,-0.2615610957673271
0.13613613613613612,0.039215417222902976,10.496198087412797,0.40531402682245266
0.13663663663663664,0.04412434928739289,8.951847470642296,0.8950196064561972
0.13713713713713713,0.04795952911092609,6.098956198960993,0.7944389916987374
0.13763763763763764,0.04991167737216228,1.4001596857033127,0.18365439329477695
0.13813813813813813,0.04923909129660111,-3.9584332079492217,-0.5228010107157692
0.13863863863863865,0.046235321578598325,-7.719786120032449,-0.9317070857842544
0.13913913913913914,0.041786110141886976,-9.843594464157245,-0.6978342949372117
0.13963963963963963,0.03655182546660108,-10.937263771719458,-0.08664690695018203
0.14014014014014015,0.030952813732494578,-11.334876710726322,0.648996228887774
0.14064064064064064,0.02530245354154156,-11.14681593122768,1.356820456274863
0.14114114114114115,0.019900489669670698,-10.319416186155811,1.263931882952719
0.14164164164164164,0.015119227911701926,-8.603640375610127,0.6586327728361755
0.14214214214214213,0.011525119583882045,-5.46123587141886,0.24782599850075038
0.14264264264264265,0.0099759645804691,-0.46320232194374444,0.016574949227394595
0.14314314314314314,0.011103200630961436,4.759351772385159,-0.2024463301610897
0.14364364364364365,0.014425796784424313,8.202792249669201,-0.5712795920818741
0.14414414414414414,0.019057831165730732,10.108144279129169,-1.172671075578065
0.14464464464464463,0.024386538153297242,11.058291104447928,-1.4096066606414919
0.14514514514514515,0.03001739747395121,11.343667612436217,-0.785768864761066
0.14564564564564564,0.03564506428880229,11.045567841355112,-0.023940331448228706
0.14614614614614616,0.04096413250358244,10.082292743516438,0.6078521024312684
0.14664664664664664,0.045579944443278675,8.164053955482164,0.9397381066825541
0.14714714714714713,0.0488810377408211,4.714689998413865,0.6224843513664708
0.14764764764764765,0.04998966355057033,-0.4875192550195008,-0.06386316250954868
0.14814814814814814,0.04843646589738642,-5.45582315577145,-0.7172554625778319
0.14864864864864866,0.04484803534602189,-8.58933941065136,-0.9266508732299307
0.14914914914914915,0.040073552510370876,-10.307566124661697,-0.5053979241005979
0.14964964964964964,0.03467606998027286,-11.141013583157061,0.14453259344866815
0.15015015015015015,0.029026836482248464,-11.336089727578155,0.9296270999518654
0.15065065065065064,0.02342551541162218,-10.945345998482626,1.4348054270007509
0.15115115115115116,0.018185750168969485,-9.856945602396202,1.0654275264506703
0.15165165165165165,0.013729522032394057,-7.733009067740409,0.48752218243103546
0.15215215215215216,0.010722139274772873,-3.9558508812171067,0.15857630407532844
0.15265265265265265,0.01005896169020611,1.4350235229621453,-0.05195741124255638
0.15315315315315314,0.012032330771361276,6.143540548560338,-0.3008742844478025
0.15365365365365366,0.01588768487011086,8.98650840698536,-0.7586550118562114
0.15415415415415415,0.020810663970989473,10.51762236467257,-1.3436678650008576
0.15465465465465467,0.026279499057529222,11.222111975123982,-1.2737977832263454
0.15515515515515516,0.03194191236860747,11.30861511383673,-0.5089243205913004
0.15565565565565564,0.037501449743744,10.802527850813195,0.1994233478654159
0.15615615615615616,0.04263384661698597,9.561180890126028,0.7803723364638444
0.15665665665665665,0.04688736542990091,7.200401063135483,0.9010895841801311
0.15715715715715717,0.049547878670705314,3.1015311752881685,0.4088717892058064
0.15765765765765766,0.04974808046615197,-2.341058565291476,-0.30790940173459347
0.15815815815815815,0.047399192007668324,-6.721402424706232,-0.8599949181429517
0.15865865865865866,0.043327002666091394,-9.297903792540563,-0.8394873011991913
0.15915915915915915,0.038290667739013774,-10.672282552039349,-0.29343356848606506
0.15965965965965967,0.03277173261731206,-11.272832211875073,0.39441968308601094
0.16016016016016016,0.02710611568906162,-11.2711834024025,1.1844339995827011
0.16066066066066065,0.021589152448579854,-10.665361224552903,1.3939352838150445
0.16116116116116116,0.016558993931997345,-9.278186233780724,0.8483636568734493
0.16166166166166165,0.012503433373737861,-6.670309877357161,0.350509226368559
0.16216216216216217,0.010193855802764764,-2.232559085050492,0.08244752235924581
0.16266266266266266,0.010457678426718945,3.234149449057605,-0.12436336566051465
0.16316316316316315,0.013176943798976807,7.298532085610006,-0.42399195849385607
0.16366366366366367,0.017469862525554408,9.621939548933854,-0.9708859866588233
0.16416416416416416,0.022625147604335975,10.834324324912409,-1.4312086352275113
0.16466466466466467,0.028194485688679344,11.316226149906052,-1.046707820565526
0.16516516516516516,0.03385489630496541,11.206622059093933,-0.250804179626961
0.16566566566566565,0.03930980340863552,10.476776482319721,0.4141684856886972
0.16616616616616617,0.04420476514022835,8.914108780709022,0.89758682797036
0.16666666666666666,0.048014167930325403,6.031477610444148,0.7863434582084491
0.16716716716716717,0.04992390192723266,1.301437394893168,0.1707237713593964
0.16766766766766766,0.04920312208087849,-4.0436149285606255,-0.5341226166217924
0.16816816816816815,0.04616560923239499,-7.770468999779711,-0.932464045308716
0.16866866866866867,0.041697343677394236,-9.871008041398813,-0.6861577686152591
0.16916916916916916,0.036453247772351954,-10.950041723033745,-0.07250727716935956
0.16966966966966968,0.03085068477596365,-11.336657261160823,0.666472046326853
0.17017017017017017,0.025202025900168394,-11.138042410978954,1.3653637370862663
0.17067067067067068,0.019807551670552842,-10.297558863432176,1.2532713022397481
0.17117117117117117,0.015041799502016163,-8.56180344667528,0.6471068479524871
0.17167167167167166,0.011476145429047372,-5.387277754628658,0.24196234823887872
0.17217217217217218,0.009972178637595558,-0.3620026589248301,0.012909602440908717
0.17267267267267267,0.011146442984063995,4.83889143849126,-0.20661302122829192
0.17317317317317318,0.01449998509857065,8.248671592792869,-0.5789432493534675
0.17367367367367367,0.019149150065407024,10.132520701322807,-1.1816629368729457
0.17417417417417416,0.024486406071238392,11.068886286365462,-1.4062897446185862
0.17467467467467468,0.03011983367074461,11.343530815043026,-0.7735056791675868
0.17517517517517517,0.03574478187443079,11.034636379062377,-0.01399101443623852
0.17567567567567569,0.04105512009038968,10.057475255232871,0.6156689013246657
0.17617617617617617,0.04565352939443197,8.117538324477493,0.9384566470747467
0.17667667667667666,0.048923332459640784,4.634523148277471,0.6119660587656043
0.17717717717717718,0.049984861802354084,-0.5882089258368608,-0.07708656501456017
0.17767767767767767,0.048386865991159905,-5.52903827092495,-0.7261281118837288
0.1781781781781782,0.044770223212287026,-8.630930167176658,-0.9223501659417175
0.17867867867867868,0.03998026095487729,-10.329418908179123,-0.4921319861102218
0.17917917917917917,0.03457527987892444,-11.149863383087855,0.1595645610230538
0.17967967967967968,0.028924297706114932,-11.334384130443327,0.9468646187413821
0.18018018018018017,0.023326508271508763,-10.9325414552433,1.4359974346635591
0.1806806806806807,0.018096649543582324,-9.829264900846647,1.0522338513863094
0.18118118118118118,0.013659721191769397,-7.681535171039988,0.4781304502125031
0.18168168168168167,0.01068667462316252,-3.869149560650109,0.15382256038290032
0.18218218218218218,0.010072354207803929,1.5345269107613322,-0.05551703470735473
0.18268268268268267,0.012088228242414529,6.210795724190672,-0.30590205083699584
0.1831831831831832,0.01596922052689305,9.023959275384682,-0.7677852618396378
0.18368368368368368,0.02090600457725368,10.536804969175648,-1.349920812103564
0.1841841841841842,0.026381193910902934,11.228913641602123,-1.2656183996717167
0.18468468468468469,0.032044323569387696,11.30493408102427,-0.49709995074940444
0.18518518518518517,0.03759929330597005,10.787358791892467,0.20886601532079588
0.1856856856856857,0.0427203904632506,9.530056634821205,0.7860708733574877
0.18618618618618618,0.04695241415691527,7.143477810155746,0.8959950898354107
0.1866866866866867,0.04957562219093057,3.009550857261959,0.3967110965874051
0.1871871871871872,0.04972645744094575,-2.4366305007421483,-0.32064941565158483
0.18768768768768768,0.047337986738815445,-6.782707298265591,-0.8651815294471962
0.1881881881881882,0.0432425344728972,-9.33176874705546,-0.8306786911542289
0.18868868868868868,0.03819378902652025,-10.689264079352272,-0.27959126291318553
0.1891891891891892,0.032669437305073934,-11.277975107971024,0.4108636059559191
0.1896896896896897,0.02700386489127986,-11.265858362596559,1.1985794863010673
0.19019019019019018,0.021492432706123093,-10.648062569491962,1.3880712868425535
0.1906906906906907,0.016474919058110576,-9.243635330148429,0.8352210781824814
0.19119119119119118,0.012443138191498695,-6.607571133199095,0.3431191995643959
0.1916916916916917,0.010173990935777425,-2.1354213425574278,0.07839840429738666
0.1921921921921922,0.010487420084415784,3.3254549697833324,-0.12809636810642666
0.19269269269269268,0.013243443777483762,7.354288629929775,-0.43027121640587346
0.1931931931931932,0.017557366311944256,9.65225262725458,-0.9807363479260526
0.19369369369369369,0.022723609961423776,10.848905310259374,-1.4329515552869516
0.1941941941941942,0.028297291718387078,11.319399799040813,-1.0353415117417648
0.1946946946946947,0.03395667882185644,11.199271390574905,-0.23995953955155688
0.19519519519519518,0.03940491159952678,10.456867294887942,0.4230920859856845
0.1956956956956957,0.044285618645994035,8.875546413227596,0.9000218477470947
0.1961961961961962,0.04806870412896983,5.962674872238475,0.7780365104715034
0.1966966966966967,0.04993531491816976,1.2015006715001761,0.15763298459237662
0.1971971971971972,0.049166010570135414,-4.128965298528909,-0.5454352005158792
0.19769769769769768,0.046094757747240804,-7.821072661563604,-0.9329326301262422
0.1981981981981982,0.04160748147101394,-9.898330456196858,-0.6742679604408172
0.1986986986986987,0.0363536186677491,-10.962687438286109,-0.0582286830486911
0.1991991991991992,0.030747573250191954,-11.338228684888488,0.6841247264970487
0.1996996996996997,0.02510075203704364,-11.1289641125622,1.373534714102879
0.20020020020020018,0.01971396087285866,-10.27520061677457,1.242280353962956
0.2007007007007007,0.014964069191285453,-8.519105154332946,0.6356217027613623
0.2012012012012012,0.01142742761147042,-5.311960181731954,0.23614161319985524
0.2017017017017017,0.0099693032724428,-0.25981951287002586,0.00923540048692526
0.2022022022022022,0.011190809710448408,4.9184494211421,-0.21084671200031202
0.20270270270270271,0.014575256464665608,8.294436495247947,-0.5867588839952391
0.2032032032032032,0.019241497148347463,10.156788522263223,-1.1906706921860317
0.2037037037037037,0.024587239407231818,11.079344725954,-1.4026906976664912
0.2042042042042042,0.030223143315167306,11.343179084995988,-0.7611009243470463
0.2047047047047047,0.035845249115598714,11.023389570924564,-0.00396690046520173
0.20520520520520522,0.04114664526330108,10.032126998112956,0.6234931701606057
0.2057057057057057,0.045727301869655,8.070104871183844,0.9369879890027235
0.2062062062062062,0.04896523399713968,4.553002074944408,0.6012584526462535
0.2067067067067067,0.0499790846384592,-0.6896230647966342,-0.0904169010906778
0.2072072072072072,0.04833617335166403,-5.6021792380839175,-0.7348838104527575
0.20770770770770772,0.04469137865326746,-8.672395392324043,-0.9177316221838162
0.2082082082082082,0.039885998751679565,-10.351158318678532,-0.4787372782323632
0.2087087087087087,0.034473573813027784,-11.158563566017447,0.17476841816135408
0.2092092092092092,0.028820935489027463,-11.332443184130808,0.9641123350967472
0.2097097097097097,0.023226838766479296,-10.919388567168296,1.4367203740406365
0.21021021021021022,0.018007090644814223,-9.801011220783085,1.03888183703806
0.2107107107107107,0.013589843059515468,-7.629085584616597,0.4688133453767584
0.2112112112112112,0.010651726879371272,-3.7811209146173557,0.1490967558836839
0.21171171171171171,0.010086770575008522,1.6345113547505656,-0.0590981300264186
0.2122122122122122,0.012145190057614306,6.277919189828752,-0.3110218001531471
0.21271271271271272,0.01605174776781868,9.061279568928,-0.7770598251810074
0.2132132132132132,0.021002283601586888,10.555862056389218,-1.3560614423556625
0.2137137137137137,0.02648375948284546,11.23555689217324,-1.2571628801503532
0.21421421421421422,0.03214755717416452,11.301022401897463,-0.48519069404573106
0.2147147147147147,0.037697769381919995,10.77183349557461,0.2183789417366234
0.21521521521521522,0.04280732917949402,9.498327475423311,0.7916990245050742
0.2157157157157157,0.04701745183993711,7.085517411277484,0.8906995456008023
0.21621621621621623,0.04960274228467233,2.9163062913838598,0.3843873967937707
0.21671671671671672,0.04970379417367964,-2.5324939859976965,-0.33343383142601557
0.2172172172172172,0.04727574227513423,-6.843876437969931,-0.8701508085893902
0.21771771771771772,0.04315709151874817,-9.365519664936935,-0.8215960152757007
0.2182182182182182,0.038095989203309,-10.706134873910175,-0.2656500582347383
0.21871871871871873,0.03256628582472436,-11.282967281102152,0.4275043871414889
0.21921921921921922,0.026900849891195174,-11.260302690113077,1.212517488995681
0.2197197197197197,0.02139510095639029,-10.630380846137134,1.381772462051326
0.22022022022022023,0.016390491574402925,-9.208416351350115,0.8220597239865349
0.22072072072072071,0.01238293699358258,-6.543688956654525,0.33579609609104477
0.22122122122122123,0.010154854731362855,-2.037080393676818,0.07435881823380001
0.22172172172172172,0.010518231701244602,3.416911305079097,-0.1318702727975979
0.2222222222222222,0.013310985079705675,7.409909588739554,-0.4366747942901878
0.22272272272272273,0.01764585010036456,9.682459738045658,-0.9906877163065669
0.22322322322322322,0.022823000603371536,10.863374777149282,-1.4344751345609246
0.22372372372372373,0.02840096123250743,11.322412583054241,-1.0237629712913667
0.22422422422422422,0.03405921860165573,11.19166235222142,-0.2290493067495673
0.2247247247247247,0.03950061201897929,10.43652332603681,0.43207006405168846
0.22522522522522523,0.04436677928009776,8.836235814292879,0.9023159162299955
0.22572572572572572,0.0481230567367184,5.892644999481285,0.7695299724377513
0.22622622622622623,0.049945906272572664,1.1004909421824483,0.14440000244478465
0.22672672672672672,0.04912781561209459,-4.214369043345363,-0.5567191732497982
0.2272272272272272,0.04602286392787638,-7.871560288633139,-0.9331084994040758
0.22772772772772773,0.041516630129084645,-9.925554572128553,-0.662182847157841
0.22822822822822822,0.03625304553992325,-10.975208377351843,-0.04382193330492172
0.22872872872872874,0.03064356629726515,-11.339648911076237,0.7019394021951395
0.22922922922922923,0.02499870859444838,-11.119578968879122,1.3813122375874813
0.22972972972972971,0.0196197880851418,-10.252346064356601,1.230971940475947
0.23023023023023023,0.014886098594442105,-8.475565119722324,0.6241895843422031
0.23073073073073072,0.011379014240469082,-5.235320155478935,0.23036735536691907
0.23123123123123124,0.009967356172663063,-0.15674178160332275,0.005554134878068023
0.23173173173173173,0.011236279158369236,4.997970347872605,-0.2151469310992224
0.23223223223223222,0.014651569564326852,8.34006038387545,-0.5947241587860232
0.23273273273273273,0.019334824441094207,10.180936302794004,-1.1996829691430726
0.23323323323323322,0.02468897883392891,11.08966818163904,-1.3988069725337493
0.23373373373373374,0.030327261734310433,11.342637752851834,-0.7485681275683359
0.23423423423423423,0.035946422362904115,11.011820727282501,0.0061275365015130406
0.23473473473473475,0.04123866183943245,10.006243364326888,0.6313165800008569
0.23523523523523523,0.04580121596541399,8.021749660624847,0.9353268234995533
0.23573573573573572,0.04900669765938115,4.470145474348073,0.5903646375867471
0.23623623623623624,0.04997230977317178,-0.7916902173175322,-0.10384502335453195
0.23673673673673673,0.04828439752185654,-5.675200681207786,-0.7435100652012959
0.23723723723723725,0.04461152906229247,-8.713706915117557,-0.912793386150226
0.23773773773773774,0.03979080256643138,-10.37276488183925,-0.4652212900577736
0.23823823823823823,0.03437099502729982,-11.167100035455835,0.19014174130565942
0.23873873873873874,0.02871678905023954,-11.330259098451865,0.981349749597627
0.23923923923923923,0.023126557518956425,-10.905882108890124,1.4369661322098837
0.23973973973973975,0.017917122784860698,-9.772185622991389,1.0253865861917977
0.24024024024024024,0.01351994035265391,-7.575670415927632,0.45957747117287057
0.24074074074074073,0.010617339454816936,-3.691798801379273,0.1444006495709862
0.24124124124124124,0.010102224198626799,1.7349006273671033,-0.06269985453108437
0.24174174174174173,0.012203196946661856,6.344857057395526,-0.31623289111300074
0.24224224224224225,0.01613522854319204,9.098440593986592,-0.7864734500375895
0.24274274274274274,0.02109944986413159,10.574776863445539,-1.3620771046940998
0.24324324324324323,0.02658713419700666,11.242033916788959,-1.2484351947122283
0.24374374374374375,0.032251553707706444,11.29687683186567,-0.47320602928949523
0.24424424424424424,0.03779681540512938,10.755952707482704,0.22795522968881518
0.24474474474474475,0.04289460194033551,9.465998222248453,0.7972468491064011
0.24524524524524524,0.047082422012255584,7.026533259577966,0.8852023800760614
0.24574574574574573,0.04962919657509437,2.821850507616778,0.37190783251320164
0.24624624624624625,0.04968008631534416,-2.6285666130391494,-0.3462500851235884
0.24674674674674674,0.047212487603586,-6.904862107287646,-0.8748905968643382
0.24724724724724725,0.04307072110353273,-9.399128707197717,-0.8122456558845873
0.24774774774774774,0.03799732694568504,-10.722878715080409,-0.25161715657125083
0.24824824824824826,0.03246234327744314,-11.287799516512726,0.4443334017414646
0.24874874874874875,0.02679713889246654,-11.25451260887263,1.2262222214744432
0.24924924924924924,0.02129722585964549,-10.612317328278719,1.375043091941899
0.24974974974974976,0.016305777549314778,-9.172536687565422,0.8088950803585693
0.2502502502502503,0.012322889842486851,-6.478684415919657,0.3285447998560854
0.25075075075075076,0.010136486278479248,-1.9376073904226703,0.07033078356644626
0.25125125125125125,0.010550108431028986,3.508433676765756,-0.13568383701555065
0.25175175175175174,0.013379530378267744,7.465346739202445,-0.44320065200736986
0.25225225225225223,0.01773525813064907,9.712533460365467,-1.0007293348998598
0.2527527527527528,0.02292325356837912,10.87771627416848,-1.4357693991864753
0.25325325325325326,0.028505422213234394,11.325255900340855,-1.0119828897611907
0.25375375375375375,0.03416245274970131,11.183794092775448,-0.21808137029129843
0.25425425425425424,0.039596857252107875,10.415760636230626,0.4410966191438802
0.25475475475475473,0.04444816909233883,8.796204119044404,0.9044612791998462
0.2552552552552553,0.048177161775328714,5.821414186738726,0.7608269981189161
0.25575575575575576,0.049955651575633676,0.9984968487250752,0.13103590720714456
0.25625625625625625,0.04908855947928864,-4.299758293321282,-0.5679611246782189
0.25675675675675674,0.04594997406999368,-7.921885800640875,-0.9329838759849134
0.25725725725725723,0.04142484934505545,-9.952661018949783,-0.6499138574320059
0.2577577577577578,0.0361516192822088,-10.987625306012957,-0.02929561955771283
0.25825825825825827,0.030538813883478372,-11.34088696729768,0.7198860191260675
0.25875875875875876,0.024895994827348025,-11.109948069150171,1.3886827604697456
0.25925925925925924,0.01952512621013178,-10.229050727824017,1.2193678549168676
0.25975975975975973,0.01480791274512517,-8.431212658890493,0.6128198946711509
0.2602602602602603,0.011330917274033622,-5.157395130935334,0.22464162730815396
0.26076076076076077,0.009966330023638923,-0.05280998980350615,0.0018657786960584188
0.26126126126126126,0.011282826087046316,5.077424549181702,-0.2195141658527363
0.26176176176176175,0.014728899125644925,8.385566269724704,-0.6028414222839708
0.26226226226226224,0.019429113588552396,10.204994535571743,-1.2086956189924802
0.2627627627627628,0.0247916523563016,11.099867072228312,-1.394631996821032
0.26326326326326327,0.0304322687441956,11.341888663318292,-0.735896897030544
0.26376376376376376,0.03604831650338835,10.999957443432494,0.01629504290360434
0.26426426426426425,0.04133121488031661,9.979853516076666,0.6391445367183378
0.26476476476476474,0.045875312661882404,7.972500033546726,0.9334777815603139
0.2652652652652653,0.04904777114233503,4.385937294040966,0.5792833132793561
0.26576576576576577,0.0499645637246692,-0.8944681624026283,-0.11737855977895649
0.26626626626626626,0.04823152601791524,-5.748188556357272,-0.7520111574568628
0.26676676676676675,0.044530618506050966,-8.754951546802111,-0.9075380929235558
0.26726726726726724,0.03969457353616563,-10.3943105448648,-0.4515781491331435
0.2677677677677678,0.03426744066634771,-11.175548572135227,0.20570213482201916
0.2682682682682683,0.028611746490840365,-11.32793046755901,0.9985864948150923
0.26876876876876876,0.02302543930730432,-10.892061952591874,1.4367369860031445
0.26926926926926925,0.017826582749834414,-9.742769901861916,1.0117407679981405
0.26976976976976974,0.013449858480136233,-7.521174944798617,0.45040785655283533
0.2702702702702703,0.010583450825384838,-3.6009940882637563,0.13972490372982876
0.2707707707707708,0.01011874082061828,1.835884343625118,-0.06633116077418871
0.27127127127127126,0.012262365029729211,6.411785982733321,-0.3215527804791356
0.27177177177177175,0.01621985081745724,9.135552265142211,-0.7960544005353808
0.27227227227227224,0.021197719673176484,10.59363697080584,-1.367980116571868
0.2727727727727728,0.026691576701521277,11.24839502519128,-1.239409936304254
0.2732732732732733,0.03235643213038572,11.292510555287805,-0.4611315005635792
0.27377377377377377,0.037896687656680306,10.739662698310942,0.23762594154911013
0.27427427427427425,0.04298243599392846,9.43295903028972,0.802728953170138
0.2747747747747748,0.04714748169517214,6.96632822051422,0.8794851815440798
0.2752752752752753,0.04965502495768984,2.7259168050228535,0.35923707157445395
0.2757757757757758,0.04965524342026178,-2.7250838021762074,-0.35912762518028546
0.27627627627627627,0.04714803540618726,-6.965812315014689,-0.8794052060856736
0.27677677677677676,0.042983181642933466,-9.4326745836721,-0.8026094038339817
0.2772772772772773,0.037897532913175706,-10.739531360787565,-0.2374603499471265
0.2777777777777778,0.032357327901816633,-11.29247502401237,0.46138954731520265
0.2782782782782783,0.02669246140902538,-11.248452340254964,1.2397033921198002
0.27877877877877877,0.021198558549127947,-10.593800155250186,1.3678659992099134
0.27927927927927926,0.016220568474208826,-9.135874708279168,0.7957047278463988
0.2797797797797798,0.012262866604761481,-6.412366617081881,0.32134993217017993
0.2802802802802803,0.010118876588676254,-1.836755406263349,0.06630417616688757
0.2807807807807808,0.010583155940960647,3.6002226257931413,-0.13954925041472893
0.28128128128128127,0.013449264739829232,7.520722599493288,-0.4498714683822988
0.28178178178178176,0.017825820662616846,9.74253154641089,-1.0108868773480888
0.2822822822822823,0.023024615502958864,10.891950573149542,-1.436826370428819
0.2827827827827828,0.028610920744574744,11.32792238304931,-0.9999677024228566
0.2832832832832833,0.03426660533191424,11.175634415208412,-0.20702650645732235
0.28378378378378377,0.039693815367212136,10.39450744183369,0.45018951529789375
0.28428428428428426,0.04452996790429282,8.755311958187503,0.9064584411008275
0.2847847847847848,0.04823111270278222,5.748799417104894,0.7519060574915418
0.2852852852852853,0.04996452177170779,0.8953059256790399,0.11751226383975773
0.2857857857857858,0.04904811845524225,-4.385276885063993,-0.5791752226358988
0.2862862862862863,0.0458759111404849,-7.972131086668522,-0.9325511440348974
0.28678678678678676,0.0413319383803812,-9.979680764369414,-0.6374425344354945
0.2872872872872873,0.03604910340006966,-10.999910357957292,-0.014618120948156212
0.2877877877877878,0.030433033968483156,-11.3419260018687,0.7379973071859829
0.2882882882882883,0.02479239853648303,-11.099984641304724,1.3956364197300954
0.2887887887887888,0.01942978980799098,-10.20520911361672,1.2074493156981811
0.28928928928928926,0.0147294278533111,-8.385931098794781,0.6015021700706799
0.2897897897897898,0.011283120770496402,-5.078021872571073,0.2189567362831167
0.2902902902902903,0.00996628193332577,0.052090079632872266,-0.0018351873122265244
0.2907907907907908,0.01133055398004926,5.156891980173644,-0.2239580545679641
0.2912912912912913,0.014807369838117099,8.430963462643101,-0.6111245129421179
0.29179179179179177,0.019524493755390185,10.228946164189198,-1.2177103913830187
0.2922922922922923,0.024895345902902453,11.109930339842958,-1.3901523224700796
0.2927927927927928,0.03053819582878249,11.340937553525928,-0.7230855925336943
0.2932932932932933,0.03615101746628463,10.987742645475809,0.026546944046546447
0.2937937937937938,0.04142433992793287,9.952875307033171,0.6469739450103694
0.29429429429429427,0.04594959551271852,7.922237099536494,0.9314255977182871
0.2947947947947948,0.04908839655928225,4.300276556640021,0.5680017392073061
0.2952952952952953,0.04995576482233918,-0.9979542670618715,-0.13101734209453555
0.2957957957957958,0.0481774929783431,-5.821097808468576,-0.7603730792133283
0.2962962962962963,0.044448607597468034,-8.796067397043322,-0.9019543651949339
0.29679679679679677,0.03959730732008618,-10.4157325515191,-0.43780785956227775
0.2972972972972973,0.03416290883040344,-11.183829956861963,0.22145193291541324
0.2977977977977978,0.028505823040731442,-11.325343410090214,1.0157949174946803
0.2982982982982983,0.02292362196188352,-10.87785694993008,1.436014945317309
0.2987987987987988,0.017735567171859087,-9.712726084555353,0.9979603314628055
0.29929929929929927,0.013379722060208382,-7.4656183646011876,0.4413164665522066
0.2997997997997998,0.010550146206947686,-3.5087912600667535,0.13507413913590138
0.3003003003003003,0.010136353186561992,1.9373121656284984,-0.06998888106213252
0.3008008008008008,0.012322654639028383,6.478562536560396,-0.32697571702364087
0.3013013013013013,0.01630551604653465,9.172522787423187,-0.8057860463172528
0.3018018018018018,0.021296972090646647,10.612358884062887,-1.3737451219170105
0.3023023023023023,0.02679692387149662,11.254582902793546,-1.2300969046542454
0.3028028028028028,0.03246216194848799,11.287894303442357,-0.44897153649880456
0.3033033033033033,0.03799720150447443,10.722988370402723,0.2473696002793259
0.3038038038038038,0.043070651984626375,9.399260257314696,0.8081245928566537
0.30430430430430433,0.04721248597734693,6.904999410869921,0.8735542524100947
0.3048048048048048,0.04968015356740057,2.628683101955898,0.3463987717093901
0.3053053053053053,0.04962929580254041,-2.8218371424256916,-0.3720367810268747
0.3058058058058058,0.04708249963757461,-7.026599559599013,-0.883675110678908
0.3063063063063063,0.04289463479257752,-9.4660900690547,-0.7927040331132232
0.30680680680680683,0.0377967881690771,-10.756054768625807,-0.22320099658924525
0.3073073073073073,0.032251423446044876,-11.296981801885009,0.4786473735474159
0.3078078078078078,0.026587009670389836,-11.242122512742082,1.252920270448253
0.3083083083083083,0.02109928083599152,-10.574846998888797,1.360252790489916
0.3088088088088088,0.016135033319459077,-9.098485478607618,0.7825183659558191
0.30930930930930933,0.012202999610698104,-6.344826435414177,0.3142234705785261
0.3098098098098098,0.010102083459108855,-1.7347121710847007,0.06228531226391451
0.3103103103103103,0.010617329278601,3.692085589373565,-0.14346048722565538
0.3108108108108108,0.01352006846009633,7.575927276069034,-0.45667645776574883
0.3113113113113113,0.017917377855119456,9.772394503335551,-1.0211354736286427
0.31181181181181183,0.023126897629712168,10.906055107377055,-1.4376356863503414
0.3123123123123123,0.0287172478835995,11.33040942875959,-0.9877482075079613
0.3128128128128128,0.03437148747002797,11.167195424275482,-0.19590886090269657
0.3133133133133133,0.03979130812471656,10.372794830901714,0.4593266890802019
0.3138138138138138,0.04461201945137615,8.713625914846302,0.908295790840606
0.31431431431431434,0.04828479660967388,5.674910587518526,0.7427805209721938
0.3148148148148148,0.04997248348369682,0.7911130705667555,0.10385409013337214
0.3153153153153153,0.049006556227516256,-4.470761146261474,-0.5903349126806919
0.3158158158158158,0.04580079993231937,-8.022208482861343,-0.9318031318528078
0.3163163163163163,0.04123805370062841,-10.006571290325152,-0.6247913287622932
0.31681681681681684,0.03594567473561253,-11.012052728349461,0.00019195776136504347
0.3173173173173173,0.03032642145954218,-11.342759051944709,0.7562365926159195
0.3178178178178178,0.024688101255876768,-11.089723878793563,1.4021514296820108
0.3183183183183183,0.019333945321493417,-10.180870648421191,1.1952443030853617
0.3188188188188188,0.014650766935460972,-8.339785115137708,0.5902562641061623
0.31931931931931934,0.011235706095350873,-4.997312396971876,0.2133202118831705
0.31981981981981983,0.009967221335093325,0.1577857323137386,-0.005544270229428741
0.3203203203203203,0.011379394506188953,5.236251950084341,-0.22847388181844933
0.3208208208208208,0.014886871704233712,8.476199475547606,-0.6195633493373777
0.3213213213213213,0.019620837772990906,10.252770187363984,-1.2267075111794543
0.32182182182182184,0.024999933655660837,11.119850978794581,-1.3853692860856783
0.32232232232232233,0.030644936094256368,11.339787407081836,-0.71015256220641
0.3228228228228228,0.03625441215742686,10.975206320746867,0.03687046302533796
0.3233233233233233,0.0415179356122184,9.925351393103517,0.6547920045636161
0.3238238238238238,0.04602398100044152,7.871022179908613,0.9291702492272934
0.32432432432432434,0.04912852499810208,4.21325223402956,0.5565323181357926
0.32482482482482483,0.04994591935764503,-1.1020284271978336,-0.14474552361535048
0.3253253253253253,0.04812235308774117,-5.893860717439602,-0.7685805928087075
0.3258258258258258,0.044365571436808915,-8.837032703010632,-0.8960467851830382
0.3263263263263263,0.039499085869213656,-10.43703054852902,-0.42392406699444823
0.32682682682682684,0.03405749075703846,-11.191961880981212,0.2373831830168652
0.32732732732732733,0.02839911578931515,-11.322530480033263,1.032948071860058
0.3278278278278278,0.022821160037166565,-10.863280502863244,1.434796116060421
0.3283283283283283,0.017644132315664737,-9.682079041093498,0.9840641522458835
0.3288288288288288,0.01330957293264403,-7.409021953302604,0.4323093446102204
0.32932932932932935,0.010517456497770666,-3.415230967553107,0.13044983982966943
0.32982982982982983,0.010155058427132631,2.0391156464999263,-0.07367251727000448
0.3303303303303303,0.012384039798250916,6.545164149365398,-0.33250254860852146
0.3308308308308308,0.016392192791940933,9.209349046766746,-0.8156655095477751
0.3313313313313313,0.021397174684243698,10.630948363305038,-1.3793623726469235
0.33183183183183185,0.02690314954552986,11.26060535273108,-1.220498482439142
0.33233233233233234,0.032568692338360114,11.283034184105206,-0.4367347261462357
0.3328328328328328,0.03809835110115911,10.705921113058924,0.257185933618152
0.3333333333333333,0.04315924708654208,9.364904165858881,0.8134301548789674
0.3338338338338338,0.04727742430351968,6.842549861272372,0.8674097731550872
0.33433433433433435,0.049704559997809684,2.530173853992085,0.3333961343380743
0.33483483483483484,0.04960223853998094,-2.9188009209625756,-0.3849718857283054
0.3353353353353353,0.04701588121263589,-7.087233410611588,-0.887694176490961
0.3358358358358358,0.04280507323123674,-9.499379727292093,-0.7825331341872014
0.3363363363363363,0.03769509723041969,-10.772460737216244,-0.20883954972721452
0.33683683683683685,0.032144661665021966,-11.301326934858379,0.4961023491780936
0.33733733733733734,0.026480741244893486,-11.235566803481097,1.2658642868711931
0.33783783783783783,0.020999388032875228,-10.555513915172837,1.3522137899812217
0.3383383383383383,0.016049166124974607,-9.060378370766712,0.7693444615895881
0.33883883883883886,0.012143280496944287,-6.276060285220645,0.30716536752548435
0.33933933933933935,0.010086101452899364,-1.6314626142487123,0.05827239113180535
0.33983983983983984,0.010652632104816097,3.7840556923452846,-0.14742128723960599
0.34034034034034033,0.013591966442408345,7.630996224908858,-0.46362289009297203
0.3408408408408408,0.018009968485380386,9.80216306927608,-1.0314797394502462
0.34134134134134136,0.02323017517931391,10.920051065326875,-1.438190289823423
0.34184184184184185,0.028824515263806933,11.332719235180242,-0.9753108295746769
0.34234234234234234,0.0344771819591689,11.158484946769894,-0.18471787213466906
0.34284284284284283,0.03988945489730909,10.350614636972201,0.468522169675093
0.3433433433433433,0.04469439366136975,8.67111702615407,0.9099740592801215
0.34384384384384387,0.04833826014952205,5.59966568371307,0.7334412692529639
0.34434434434434436,0.04997954795433058,0.6858244283073431,0.09004842949452471
0.34484484484484484,0.04896383762495255,-4.55630859207994,-0.6014477940015001
0.34534534534534533,0.04572455915669277,-8.072202186291726,-0.9307388567092147
0.3458458458458458,0.041143075668900596,-10.033386755078826,-0.6119535636496162
0.34634634634634637,0.0358411944057048,-11.02408913921435,0.015154661061965335
0.34684684684684686,0.030218807831245028,-11.343442974610696,0.7746236587279787
0.34734734734734735,0.024582919945838916,-11.079141727229926,1.4082227802695266
0.34784784784784784,0.019237424025729484,-10.155991573665972,1.1827431152635035
0.3483483483483483,0.014571808992990905,-8.29269069328673,0.5790710354347255
0.34884884884884887,0.011188607944096629,-4.915119485768387,0.2077234394913989
0.34934934934934936,0.009969166660272762,0.26444606304022833,-0.009269079864093333
0.34984984984984985,0.011429444088494615,5.315628237012263,-0.2330733154482076
0.35035035035035034,0.014967553056456917,8.521357401572464,-0.6281793282449037
0.3508508508508508,0.019718318148707226,10.276521313737764,-1.2356995738881629
0.35135135135135137,0.025105607945951316,11.129660113097717,-1.3802669610957112
0.35185185185185186,0.03075265269997137,11.338429806916208,-0.6970762752757625
0.35235235235235235,0.03635865930047941,10.962310791837478,0.04728575255551447
0.35285285285285284,0.041612165664168865,9.897211201381957,0.6626121911850018
0.3533533533533533,0.04609860213205321,7.818731379038054,0.9267044694187946
0.3538538538538539,0.04916821656746094,4.124682859134843,0.5448518402289336
0.35435435435435436,0.049934995168425304,-1.2068721911422482,-0.1585868489264095
0.35485485485485485,0.04806598890799753,-5.966634360077494,-0.7766445577435512
0.35535535535535534,0.04428133488045928,-8.877939818677016,-0.8898068143101105
0.35585585585585583,0.039399686677789314,-10.458248642290469,-0.4099033931846513
0.3563563563563564,0.03395093280269427,-11.199953616648171,0.25353188637996893
0.35685685685685686,0.02829132413721337,-11.319488715667505,1.050070476276768
0.35735735735735735,0.022717790548290227,-10.848332536884257,1.433076310168829
0.35785785785785784,0.017552056712923102,-9.650749159835957,0.9700332499497952
0.35835835835835833,0.013239248262213546,-7.351235702337856,0.4233694497415211
0.3588588588588589,0.010485328084525404,-3.3200772683029665,0.12584121337917556
0.35935935935935936,0.01017491755002568,2.141513470201258,-0.07739273426779006
0.35985985985985985,0.012446677227668996,6.6117561574126995,-0.3381530270986575
0.36036036036036034,0.01648010333410363,9.246120833411455,-0.8257226858014248
0.36086086086086083,0.021498566022635595,10.649469819225127,-1.3848394845468333
0.3613613613613614,0.027010499462386914,11.266495628187643,-1.2105878216268577
0.36186186186186187,0.03267622179569522,11.277926474057189,-0.4243953148075738
0.36236236236236236,0.03820035817812231,10.688422127229277,0.2671019344719695
0.36286286286286284,0.04324841868834312,9.329777607145253,0.8186551023650668
0.36336336336336333,0.04734242770144142,6.77878100699243,0.8610314817466324
0.3638638638638639,0.04972827773979909,2.430114857332439,0.32019278552631
0.36436436436436437,0.049573975661321074,-3.0161944525777193,-0.39795966771362223
0.36486486486486486,0.04694799444540198,-7.1478328073795305,-0.8914614997833912
0.36536536536536535,0.04271427169208711,-9.53261773295127,-0.7720797242862
0.36586586586586584,0.0375921885211898,-10.788774894970938,-0.1943426335595861
0.3663663663663664,0.032036721539728884,-11.305504795892919,0.5137980263233082
0.36686686686686687,0.026373505820276557,-11.2286983116764,1.2785231059455247
0.36736736736736736,0.020898641787932656,-10.535642817371171,1.3437204107772842
0.36786786786786785,0.015962773665339058,-9.021396069576088,0.7561596479564787
0.3683683683683684,0.012083616306306933,-6.205842085814576,0.3001609116833157
0.3688688688688689,0.010070967351750119,-1.5267830455503089,0.05425655488748305
0.36936936936936937,0.010689192845499658,3.876269253258472,-0.151442398649643
0.36986986986986986,0.013665133919009174,7.685999147593696,-0.4707306448121163
0.37037037037037035,0.01810379180442377,9.831843698826678,-1.0419358864281913
0.3708708708708709,0.023334631394949682,10.933917356508893,-1.4384745859446593
0.3713713713713714,0.0289328855353253,11.334842415927834,-0.9626336509665722
0.3718718718718719,0.03458385813524565,11.149439214421527,-0.1734310212468977
0.37237237237237236,0.03998835946698096,10.327884074009194,0.4777844597842708
0.37287287287287285,0.044777156353273194,8.627668620776253,0.9114838601918135
0.3733733733733734,0.04839150153450604,5.522924580356632,0.72387074547855
0.3738738738738739,0.049985644258992476,0.5793480752594291,0.07608270333125035
0.3743743743743744,0.04891986501076314,-4.641942681697319,-0.6125110813459211
0.37487487487487486,0.04564709182914634,-8.122084353920846,-0.9293426459887042
0.37537537537537535,0.041046927531111624,-10.060092507203711,-0.5989224344269953
0.3758758758758759,0.035735611649897386,-11.035986086486467,0.030279556056906458
0.3763763763763764,0.030110202880359125,-11.343888296590315,0.7931417159308516
0.3768768768768769,0.024476881448811657,-11.068217633862568,1.4138320758846532
0.37737737737737737,0.019140271044225,-10.130534507171335,1.1699546732914454
0.37787787787787785,0.014492584205717397,-8.244593141020868,0.5679500157762919
0.3783783783783784,0.011141887205309934,-4.8314044063563,0.2021666813798489
0.3788788788788789,0.009972171101729162,0.37201958662291124,-0.01300959237197589
0.3793793793793794,0.011480719762495447,5.394959928474713,-0.23775744702310522
0.37987987987987987,0.015049402711459641,8.566386729427888,-0.6369708399716324
0.38038038038038036,0.019816908608674855,10.300147565615928,-1.2446701247952807
0.3808808808808809,0.025212331070688387,11.13930233718516,-1.374834339620669
0.3813813813813814,0.030861344713991164,11.336830701938537,-0.683857651753739
0.3818818818818819,0.036463711705658826,10.949053600410215,0.05778800382224071
0.38238238238238237,0.04170694824956053,9.868469560385678,0.6704220108451623
0.38288288288288286,0.04617336605942219,7.765390015291538,0.9240233879527306
0.3833833833833834,0.049207392839857284,4.034626144541598,0.5329685295487414
0.3838838838838839,0.049922961802485,-1.312354951964103,-0.17252396555998167
0.3843843843843844,0.048008434564286946,-6.039296020193344,-0.7845417199088515
0.38488488488488487,0.04419597529236705,-8.918715409537528,-0.8832345116269074
0.38538538538538536,0.03929923302143033,-10.479351614948204,-0.39576285791078797
0.3858858858858859,0.03384339725136475,-11.20779773902451,0.26988059654198454
0.3863863863863864,0.02818268453293699,-11.316207773394256,1.067110612233187
0.3868868868868869,0.022613694255666464,-10.832983866353937,1.430845725247305
0.38738738738738737,0.017459513533445055,-9.618752324699285,0.955897385727454
0.38788788788788786,0.013168894142882536,-7.292293934640515,0.414510264135038
0.3883883883883884,0.01045385424867542,-3.223467482291621,0.12125464036235144
0.3888888888888889,0.01019593833156898,2.244312010917465,-0.08114481916097188
0.3893893893893894,0.012510489086826618,6.678189109409682,-0.3439193414222622
0.3898898898898899,0.016569107551722063,9.282754383226182,-0.8359368022113548
0.39039039039039036,0.02160099638631288,10.667850382219497,-1.3901508224651566
0.3908908908908909,0.027118825883289274,11.272203612016876,-1.2003751777712859
0.3913913913913914,0.032784673099961144,11.272547968238017,-0.4119644562135024
0.3918918918918919,0.038303068605436294,10.670498017551111,0.27709929902160146
0.3923923923923924,0.043337993811358146,9.293933652721083,0.8237797098225628
0.39289289289289286,0.047407358142898835,6.713781427135688,0.8544255113236363
0.3933933933933934,0.04975121892451397,2.3287159423632815,0.3068165164186203
0.3938938938938939,0.04954453818904083,-3.1137945818312662,-0.4109678579927918
0.3943943943943944,0.0468789617564225,-7.2082833562072075,-0.8949600838637136
0.3948948948948949,0.04262239258259127,-9.565724258790583,-0.7613610518684067
0.39539539539539537,0.037488281228132476,-10.804968483100655,-0.17973565222213242
0.3958958958958959,0.03192788453125033,-11.309507020551248,0.5316939043068765
0.3963963963963964,0.02626542519020699,-11.221568401950188,1.2908701065635548
0.3968968968968969,0.020797279017694254,-10.515348242490171,1.3348027928147255
0.3973973973973974,0.01587603923090993,-8.98162830891983,0.7429973220753127
0.39789789789789787,0.012024129590383457,-6.134323888693322,0.2932238910328012
0.3983983983983984,0.010056712479977354,-1.4208842272471187,0.050244313108409905
0.3988988988988989,0.010726941829119692,3.9685572910137514,-0.1555183204471594
0.3993993993993994,0.013739441521762066,7.740853423276969,-0.4779898485353369
0.3998998998998999,0.018198689291281024,9.86141005540634,-1.0524815943634405
0.40040040040040037,0.02344011337223932,10.947650055566864,-1.4384805283242794
0.4009009009009009,0.029042219378733674,11.336772797722325,-0.9497381961866029
0.4014014014014014,0.034691366324337836,11.14009548181972,-0.162067632340706
0.4019019019019019,0.04008791531885731,10.304652632141842,0.4871010671014815
0.4024024024024024,0.044860205734490434,8.583350300982218,0.9128194740811746
0.4029029029029029,0.04844445994217579,5.444777880078195,0.7140808643958028
0.4034034034034034,0.04999077330837101,0.4718186539509637,0.06197397184807005
0.4039039039039039,0.04887469666646727,-4.727586645593339,-0.6235089996879914
0.4044044044044044,0.04556847769140689,-8.17184050828069,-0.9276136484935371
0.4049049049049049,0.04094968634159404,-10.086696348314986,-0.585713522031507
0.40540540540540543,0.03562900086220117,-11.047766070325745,0.0455611811264282
0.4059059059059059,0.030000663043022503,-11.344142201478745,0.8117755441457288
0.4064064064064064,0.024370008733232463,-11.056980013786442,1.4189681341473643
0.4069069069069069,0.019042504401352803,-10.104527040252368,1.1568938814387948
0.4074074074074074,0.014413111790512568,-8.19550858784189,0.5569005683024664
0.40790790790790793,0.011095554603023186,-4.746179455645554,0.19665061222049657
0.4084084084084084,0.009976235619739034,0.48047643401997386,-0.016766572960703083
0.4089089089089089,0.011533215342257448,5.474250019577174,-0.24252941513346307
0.4094094094094094,0.015132422314966377,8.611309239910234,-0.6459425931499438
0.4099099099099099,0.019916619762911664,10.323676529181304,-1.2536147207312547
0.41041041041041043,0.025320128966443197,11.148804468949598,-1.3690661678006388
0.4109109109109109,0.030971048424494857,11.334996730456862,-0.6704948734526562
0.4114114114114114,0.036569597953152774,10.93542438952825,0.06838160642208857
0.4119119119119119,0.041802342461517726,9.839088056495132,0.6782231382695463
0.4124124124124124,0.04624830174914295,7.7109590681046125,0.9211226339534989
0.41291291291291293,0.04924606676785262,3.9430255604173627,0.5208755951214162
0.4134134134134134,0.049909799449077745,-1.4185284702534853,-0.1865633372286621
0.4139139139139139,0.04794964333389317,-6.111897034824128,-0.7922697317455548
0.4144144144144144,0.04410942437040688,-8.959399444992869,-0.8763269495898114
0.4149149149149149,0.0391976298553066,-10.500355610743966,-0.3814937201093936
0.41541541541541543,0.033734782272247195,-11.215499044068057,0.28644591754467674
0.4159159159159159,0.028073020024153305,-11.312697007595643,1.0840751530936836
0.4164164164164164,0.022508748723060544,-10.817255948501195,1.4281023920933378
0.4169169169169169,0.017366403673254396,-9.586064782148396,0.9416556119830349
0.4174174174174174,0.013098434871310592,-7.2321216697473565,0.40572483836234674
0.41791791791791794,0.010423012684448443,-3.1252903334206623,0.11668470261831071
0.4184184184184184,0.01021814967768122,2.3476088157475985,-0.08493491846157238
0.4189189189189189,0.01257555164665104,6.744564793670032,-0.3498144589813253
0.4194194194194194,0.016659323905386617,9.319311935012767,-0.8463250397358485
0.4199199199199199,0.021704595177993044,10.68614517275202,-1.395297153361897
0.42042042042042044,0.02722826630491804,11.277759299203577,-1.1898458397335254
0.4209209209209209,0.03289403842218924,11.266899785815008,-0.3994447178619045
0.4214214214214214,0.0384065989028779,10.65208702841233,0.28719125847338367
0.4219219219219219,0.04342810428593922,9.257290663546533,0.8288077695810749
0.4224224224224224,0.04747228970300468,6.647451543238763,0.8475818957634171
0.42292292292292294,0.04977339520038138,2.225812632275345,0.2932454223551309
0.42342342342342343,0.04951386229330655,-3.2117344166699677,-0.42401122079376735
0.4239239239239239,0.04680866137783031,-7.268659468599558,-0.898185520739492
0.4244244244244244,0.0425292860008452,-9.598749665341183,-0.7503674207244483
0.4249249249249249,0.03738318128674767,-10.821041025431692,-0.16499378721995062
0.42542542542542544,0.03181790773764069,-11.31333278565969,0.5498222555820871
0.42592592592592593,0.026156317082423698,-11.214137003127705,1.3029000406014168
0.4264264264264264,0.020695084280096726,-10.494545006789535,1.3254430717778207
0.4269269269269269,0.015788846470525485,-8.940988941347872,0.7298476077290086
0.4274274274274274,0.011964764705052006,-6.06132757564278,0.28634379948964317
0.42792792792792794,0.010043352755572088,-1.3135981483922567,0.046228488736385145
0.42842842842842843,0.010765961969630122,4.061031255001961,-0.15965812645913738
0.4289289289289289,0.013815016184221322,7.795615969419299,-0.4854167765138141
0.4294294294294294,0.01829480852314748,9.890888789139957,-1.063129302425964
0.4299299299299299,0.023546752528779694,10.96127941980562,-1.438199121661481
0.43043043043043044,0.029152600547824,11.338499245369931,-0.9366140816455586
0.43093093093093093,0.03479981030732572,11.130435697156747,-0.1506141823180092
0.4314314314314314,0.04018817428308522,10.280876870754554,0.4964752671387373
0.4319319319319319,0.04494365319485738,8.538063051949996,0.9139771860170918
0.43243243243243246,0.04849718322515589,5.365091511454112,0.7040555644872319
0.43293293293293295,0.049994901861048734,0.3631036016968186,0.04770426207948382
0.43343343343343343,0.048828246207418165,-4.813313168349695,-0.6344445853019814
0.4339339339339339,0.04548860012989006,-8.221525301108114,-0.9255441553783046
0.4344344344344344,0.040851220725654724,-10.11321835911324,-0.5723163302133689
0.43493493493493496,0.03552119549840131,-11.059402381196396,0.06102361275151355
0.43543543543543545,0.02988997379001277,-11.344181456866059,0.8305437845136043
0.43593593593593594,0.02426217278505958,-11.04537174139941,1.4236167190829927
0.4364364364364364,0.0189440018915011,-10.077905811254292,1.1435532525694136
0.4369369369369369,0.014333338120366591,-8.145370631047664,0.5459185515271893
0.43743743743743746,0.01104959432448606,-4.659342549152381,0.19117033362504898
0.43793793793793795,0.009981401090325248,0.5898972086265771,-0.02054480167045613
0.43843843843843844,0.01158700781777019,5.553552993965902,-0.24739787093273058
0.4389389389389389,0.015216708463581956,8.656149188861399,-0.6551077965482617
0.4394394394394394,0.02001755477572045,10.347119544313973,-1.2625332196231602
0.43993993993993996,0.025429074988848086,11.158184579033305,-1.3629521159244244
0.44044044044044045,0.031081766126864276,11.332965512731308,-0.6569928932747895
0.44094094094094094,0.036676418368877486,10.921408838351724,0.07907962876886958
0.44144144144144143,0.04189838684492381,9.809040021455074,0.6860150795987123
0.4419419419419419,0.046323457094089714,7.6553357652770275,0.9179911304130758
0.44244244244244246,0.049284214974844094,3.849773787853687,0.5085594947592784
0.44294294294294295,0.049895459590415976,-1.525429620888321,-0.20070943077653386
0.44344344344344344,0.04788955198641032,-6.184476332266598,-0.799823750524295
0.44394394394394393,0.04402160853293613,-9.000001686402447,-0.869077525107721
0.4444444444444444,0.03909480531740547,-10.521262770700492,-0.36708944604452165
0.44494494494494496,0.033624986581442064,-11.223035585911454,0.30324385924056807
0.44544544544544545,0.02796232198654869,-11.308912778679112,1.1009415921652022
0.44594594594594594,0.022402928711608715,-10.801061254393526,1.4248298575404295
0.44644644644644643,0.01727268213212406,-9.552622065478593,0.9273084975361758
0.4469469469469469,0.013027878359476368,-7.170682663033064,0.3970137421990135
0.44744744744744747,0.010392840769979374,-3.02548827039299,0.1121291599784216
0.44794794794794796,0.010241599928896205,2.4514021221910576,-0.0887659715364446
0.44844844844844844,0.01264191071333968,6.810856189130211,-0.35584348203798744
0.44894894894894893,0.016750790416442438,9.355770773278909,-0.8568889817109963
0.4494494494494494,0.02180939160491704,10.70431762642894,-1.400262912004948
0.44994994994994997,0.02733881827461028,11.283137587530511,-1.1789959867823567
0.45045045045045046,0.03300450426450234,11.26098456053691,-0.3868126158850857
0.45095095095095095,0.03851096527918084,10.633267919477527,0.2973823391215489
0.45145145145145144,0.04351872385627636,9.219848012592431,0.8337315638745724
0.4519519519519519,0.047537199000413345,6.579722182533373,0.8404909788363402
0.45245245245245247,0.04979477785934088,2.1213935063454903,0.2794778688306557
0.45295295295295296,0.0494819248217816,-3.3099855917838257,-0.43708282966913065
0.45345345345345345,0.046737080517181145,-7.32895074770861,-0.9011274727696063
0.45395395395395394,0.04243494559621158,-9.631691149612442,-0.7391023457466749
0.4544544544544544,0.03727689837014053,-10.837013887160456,-0.1501171501062491
0.45495495495495497,0.031706824827368536,-11.316972731964873,0.5681759430214544
0.45545545545545546,0.02604625160213365,-11.206397081451222,1.3145846861488457
0.45595595595595595,0.02059211338985646,-10.473215904892985,1.3156467087161385
0.45645645645645644,0.01570118657204734,-8.899446074073104,0.7167154574061488
0.45695695695695693,0.01190552888107648,-5.986847806725123,0.2795214157006861
0.4574574574574575,0.01003092077123376,-1.2049390717452186,0.04220844699970619
0.45795795795795796,0.010806275771065759,4.153666563075272,-0.16386434326273241
0.45845845845845845,0.01389187293920287,7.850298703509899,-0.4930175288592954
0.45895895895895894,0.01839216986582217,9.920278961553057,-1.0738757516834194
0.45945945945945943,0.023654592899910946,10.974769820551803,-1.437613578414421
0.45995995995996,0.02926413658948466,11.340042527786471,-0.9232502210007457
0.46046046046046046,0.03490926708253957,11.120426858554756,-0.13906043037167715
0.46096096096096095,0.040289236421838,10.256524962527244,0.5059167718738647
0.46146146146146144,0.045027462487988855,8.49178649794643,0.9149476515069694
0.46196196196196193,0.04854962588470842,5.283830276525265,0.6937905385797077
0.4624624624624625,0.049997989537376775,0.2532295639849842,0.03327651634210826
0.46296296296296297,0.04878048902468775,-4.899107196309693,-0.6453091635334346
0.46346346346346345,0.045407444103384015,-8.271105156228838,-0.9231240702768031
0.46396396396396394,0.0407515274476284,-10.13964200300563,-0.5587346291929903
0.46446446446446443,0.03541223809305598,-11.070917399878402,0.07666577670077632
0.464964964964965,0.029778262723872514,-11.343995723536574,0.8494150649741055
0.46546546546546547,0.024153414256592582,-11.03340444283156,1.4277635245670126
0.46596596596596596,0.01884482433249132,-10.050660246879954,1.1299478272331909
0.46646646646646645,0.014253282467059303,-8.094127986041977,0.5350066567677199
0.466966966966967,0.01100405995673296,-4.570858378030076,0.1857258098460637
0.4674674674674675,0.00998770580725683,0.700235510540077,-0.024344740598607553
0.46796796796796797,0.011642107430972002,5.632829989211851,-0.2523650810289278
0.46846846846846846,0.015302255024761837,8.700882775849887,-0.6644672105124637
0.46896896896896895,0.020119701608760324,10.37044899019711,-1.2714115050872445
0.4694694694694695,0.025539188013264286,11.167391438807142,-1.3564773824906633
0.46996996996997,0.031193601550215114,11.33065658443717,-0.6433352722386055
0.47047047047047047,0.0367841225230065,10.906984222875423,0.08987676047317962
0.47097097097097096,0.04199507078410874,9.778301258356446,0.6937909877689166
0.47147147147147145,0.04639877304792683,7.598549834889089,0.9146269600275765
0.471971971971972,0.04932180704464429,3.7548985575080622,0.496024520514972
0.4724724724724725,0.04987992387558196,-1.633001685013171,-0.21495418964484556
0.47297297297297297,0.04782816700311251,-6.256977711442008,-0.8071878791647288
0.47347347347347346,0.04393254932820987,-9.04050029522705,-0.8614868577680974
0.47397397397397395,0.03899079260242268,-10.542062222586544,-0.35255602355866955
0.4744744744744745,0.033514089931726485,-11.23042104670532,0.3202677545663588
0.474974974974975,0.027850598752473584,-11.304881345805239,1.1176911405010872
0.4754754754754755,0.022296252093090694,-10.784461990803742,1.421032398633762
0.47597597597597596,0.0171784094140281,-9.518437679742574,0.9128749223274264
0.47647647647647645,0.01295725823773318,-7.1079291752130755,0.38837833721976167
0.476976976976977,0.010363370299085567,-2.9240810634938845,0.10758845415574282
0.4774774774774775,0.010266304257399146,2.555643851513549,-0.09263893478783368
0.477977977977978,0.012709562250833403,6.8770537930359925,-0.3620099352647272
0.47847847847847846,0.01684349398412674,9.392131742875634,-0.867627034858731
0.47897897897897895,0.021915379486574432,10.722379515310074,-1.4050373096893884
0.4794794794794795,0.027450508686666125,11.288338380599004,-1.1678211643107348
0.47997997997998,0.03311589687834268,11.254765149955224,-0.37409172070329894
0.4804804804804805,0.03861614728176419,10.613917810394828,0.3076669609541562
0.48098098098098097,0.04360984656942187,9.18156052604761,0.8385415666375192
0.48148148148148145,0.047602049013448625,6.510598347524825,0.8331522484113565
0.481981981981982,0.04981530931924387,2.0154921113826076,0.26551819042889724
0.4824824824824825,0.04944869707351761,-3.4084918432327904,-0.4501718040423354
0.482982982982983,0.04666421454081378,-7.389125437295355,-0.9037734174867968
0.48348348348348347,0.042339376303773185,-9.664514602847778,-0.7275686640421086
0.48398398398398396,0.03716944791092957,-10.852840123188603,-0.13510525943195129
0.4844844844844845,0.03159465589171197,-11.320416681877001,0.5867489569689729
0.484984984984985,0.025935197142487283,-11.198346026460431,1.3259067037502452
0.4854854854854855,0.02048837969711619,-10.451373674852803,1.3054216467304725
0.48598598598598597,0.015613142206823787,-8.857001890162522,0.7036168761488236
0.48648648648648646,0.011846504326240981,-5.910872660374077,0.2727602349059348
0.486986986986987,0.010019467936130289,-1.0949759976879898,0.03818545521177227
0.4874874874874875,0.010847889297215235,4.246386026438653,-0.1681371129003918
0.487987987987988,0.013969985916644898,7.904824374364821,-0.5007897353799963
0.48848848848848847,0.01849071369759829,9.949544542949356,-1.0847058077745846
0.48898898898898896,0.023763544555448043,10.98812462442363,-1.4367157405945508
0.4894894894894895,0.02937666628680389,11.341348456593103,-0.9096683519343414
0.48998998998999,0.035019581841662054,11.11007911952895,-0.12742556003422037
0.4904904904904905,0.04039092539036296,10.231598054458193,0.5154013710488595
0.49099099099099097,0.04511157245141519,8.444518168625295,0.915721394338074
0.49149149149149146,0.048601726582238367,5.201021876840121,0.683289695225697
0.491991991991992,0.05000000586658864,0.14229458928320704,0.018703067570897517
0.4924924924924925,0.048731447823189854,-4.984873586609703,-0.6560835635875862
0.492992992992993,0.045325065087887396,-8.320548469446159,-0.9203497536972539
0.4934934934934935,0.04065067037069819,-10.165938381102748,-0.544980170657889
0.49399399399399396,0.03530217302939312,-11.082261875365877,0.09248604298735975
0.4944944944944945,0.029665492888478875,-11.343586079909633,0.8683819236072557
0.494994994994995,0.02404377966804476,-11.021068482719985,1.4313923872827328
0.4954954954954955,0.01874501613930444,-10.022800207207212,1.1160942517963797
0.495995995995996,0.01417303367974359,-8.041823299002786,0.5241788049220851
0.4964964964964965,0.010959005555118268,-4.480788845476286,0.18032076190590604
0.496996996996997,0.009995172931058102,0.8113883861746372,-0.028164960824996307
0.4974974974974975,0.011698490523993068,5.711992129645586,-0.25742981471820753
0.497997997997998,0.015389009031504024,8.745466370713958,-0.6740157181089997
0.4984984984984985,0.02022298020328909,10.393654300123211,-1.2802324301628145
0.498998998998999,0.025650343813643253,11.176451669514444,-1.3496490418728049
0.4994994994994995,0.03130631760449742,11.32811266205152,-0.6295618391076025
0.5,0.03689262417256173,10.892168317947661,0.10076368286222946
